[22648:27816 ] [  INFO ] [23:48:24.329] c:\jenkins\workspace\Client\Client\Windows\clean\win-common\src\installer\ZoomCleaner\Installer.cpp(28)::[CleanZoom] start, current time: [2026/1/15-23:48:24:329], version: [1.0.0.177]
[22648:27816 ] [  INFO ] [23:48:24.329] c:\jenkins\workspace\Client\Client\Windows\clean\win-common\src\installer\ZoomCleaner\Installer.cpp(31)::[CleanZoom] Command line parameter:
[22648:27816 ] [  INFO ] [23:48:24.354] c:\jenkins\workspace\Client\Client\Windows\clean\win-common\src\installer\ZoomCleaner\SaaSbeeInstaller.cpp(170)::[CSaaSbeeInstaller::Init] Created window:00990950
[22648:27816 ] [ ERROR ] [23:48:24.677] c:\jenkins\workspace\Client\Client\Windows\clean\win-common\src\installer\ZoomCleaner\InstallerManager.cpp(181)::[CInstallerManager::UninstallVDI] No need to remove VDI!
[22648:27816 ] [  INFO ] [23:48:24.787] c:\jenkins\workspace\Client\Client\Windows\clean\win-common\src\installer\NoMSIInstaller\ZoomProductUtil.cpp(307)::[CInstallerManager::TerminateApp] the event exists, need terminate mainboard:\Zoom.exe
[22648:27816 ] [  INFO ] [23:48:26.794] c:\jenkins\workspace\Client\Client\Windows\clean\win-common\src\installer\NoMSIInstaller\ZoomProductUtil.cpp(307)::[CInstallerManager::TerminateApp] the event exists, need terminate mainboard:\zCrashReport.exe
[22648:27816 ] [  INFO ] [23:48:26.798] c:\jenkins\workspace\Client\Client\Windows\clean\win-common\src\installer\NoMSIInstaller\ZoomProductUtil.cpp(307)::[CInstallerManager::TerminateApp] the event exists, need terminate mainboard:\zDevHelper.exe
[22648:27816 ] [  INFO ] [23:48:26.803] c:\jenkins\workspace\Client\Client\Windows\clean\win-common\src\installer\NoMSIInstaller\ZoomProductUtil.cpp(307)::[CInstallerManager::TerminateApp] the event exists, need terminate mainboard:\zTscoder.exe
[22648:27816 ] [  INFO ] [23:48:26.807] c:\jenkins\workspace\Client\Client\Windows\clean\win-common\src\installer\NoMSIInstaller\ZoomProductUtil.cpp(307)::[CInstallerManager::TerminateApp] the event exists, need terminate mainboard:\Zoom_launcher.exe
[22648:27816 ] [  INFO ] [23:48:26.810] c:\jenkins\workspace\Client\Client\Windows\clean\win-common\src\installer\NoMSIInstaller\ZoomProductUtil.cpp(307)::[CInstallerManager::TerminateApp] the event exists, need terminate mainboard:\ZoomOutlookIMPlugin.exe
[22648:27816 ] [  INFO ] [23:48:26.815] c:\jenkins\workspace\Client\Client\Windows\clean\win-common\src\installer\NoMSIInstaller\ZoomProductUtil.cpp(307)::[CInstallerManager::TerminateApp] the event exists, need terminate mainboard:\ZoomDocConverter.exe
[22648:27816 ] [  INFO ] [23:48:26.820] c:\jenkins\workspace\Client\Client\Windows\clean\win-common\src\installer\NoMSIInstaller\ZoomProductUtil.cpp(307)::[CInstallerManager::TerminateApp] the event exists, need terminate mainboard:\ZoomHybridConf.exe
[22648:27816 ] [  INFO ] [23:48:33.223] c:\jenkins\workspace\Client\Client\Windows\clean\win-common\src\installer\ZoomCleaner\InstallerManager.cpp(215)::[CInstallerManager::UninstallWithAdmin] Cannot find any EXE products!
[22648:27816 ] [  INFO ] [23:48:48.160] c:\jenkins\workspace\Client\Client\Windows\clean\win-common\src\installer\ZoomCleaner\InstallerManager.cpp(258)::[CInstallerManager::UninstallMSI] return:0
[22648:27816 ] [  INFO ] [23:48:48.193] c:\jenkins\workspace\Client\Client\Windows\clean\win-common\src\installer\NoMSIInstaller\PureClean\ZoomPerUserCleaner.cpp(220)::[CPerUserCleaner::DumpProcessPrivilege] Current process privilege is:SeDelegateSessionUserImpersonatePrivilege;
SeCreateSymbolicLinkPrivilege;
SeTimeZonePrivilege;
SeIncreaseWorkingSetPrivilege;
SeCreateGlobalPrivilege;
SeImpersonatePrivilege;
SeManageVolumePrivilege;
SeUndockPrivilege;
SeRemoteShutdownPrivilege;
SeChangeNotifyPrivilege;
SeSystemEnvironmentPrivilege;
SeDebugPrivilege;
SeShutdownPrivilege;
SeRestorePrivilege;
SeBackupPrivilege;
SeCreatePagefilePrivilege;
SeIncreaseBasePriorityPrivilege;
SeProfileSingleProcessPrivilege;
SeSystemtimePrivilege;
SeSystemProfilePrivilege;
SeLoadDriverPrivilege;
SeTakeOwnershipPrivilege;
SeSecurityPrivilege;
SeIncreaseQuotaPrivilege;

[22648:27816 ] [ ERROR ] [23:48:48.196] c:\jenkins\workspace\Client\Client\Windows\clean\win-common\src\installer\NoMSIInstaller\PureClean\ZoomEnumUserUtil.cpp(203)::[GetUserProfilePathBySid] Failed to get user data path for UserSID:S-1-5-21-3565037766-4151068233-2738897902-500 RegPath:SOFTWARE\Microsoft\Windows NT\CurrentVersion\ProfileList\S-1-5-21-3565037766-4151068233-2738897902-500 Return:0 Error:0
[22648:27816 ] [  INFO ] [23:48:48.196] c:\jenkins\workspace\Client\Client\Windows\clean\win-common\src\installer\NoMSIInstaller\PureClean\ZoomEnumUserUtil.cpp(239)::[GetUserSIDAndProfilePath] User:***** UserSessionID:S-1-5-21-3565037766-4151068233-2738897902-500 Success:0
[22648:27816 ] [ ERROR ] [23:48:48.197] c:\jenkins\workspace\Client\Client\Windows\clean\win-common\src\installer\NoMSIInstaller\PureClean\ZoomEnumUserUtil.cpp(203)::[GetUserProfilePathBySid] Failed to get user data path for UserSID:S-1-5-21-3565037766-4151068233-2738897902-503 RegPath:SOFTWARE\Microsoft\Windows NT\CurrentVersion\ProfileList\S-1-5-21-3565037766-4151068233-2738897902-503 Return:0 Error:0
[22648:27816 ] [  INFO ] [23:48:48.197] c:\jenkins\workspace\Client\Client\Windows\clean\win-common\src\installer\NoMSIInstaller\PureClean\ZoomEnumUserUtil.cpp(239)::[GetUserSIDAndProfilePath] User:***** UserSessionID:S-1-5-21-3565037766-4151068233-2738897902-503 Success:0
[22648:27816 ] [ ERROR ] [23:48:48.197] c:\jenkins\workspace\Client\Client\Windows\clean\win-common\src\installer\NoMSIInstaller\PureClean\ZoomEnumUserUtil.cpp(203)::[GetUserProfilePathBySid] Failed to get user data path for UserSID:S-1-5-21-3565037766-4151068233-2738897902-501 RegPath:SOFTWARE\Microsoft\Windows NT\CurrentVersion\ProfileList\S-1-5-21-3565037766-4151068233-2738897902-501 Return:0 Error:0
[22648:27816 ] [  INFO ] [23:48:48.197] c:\jenkins\workspace\Client\Client\Windows\clean\win-common\src\installer\NoMSIInstaller\PureClean\ZoomEnumUserUtil.cpp(239)::[GetUserSIDAndProfilePath] User:***** UserSessionID:S-1-5-21-3565037766-4151068233-2738897902-501 Success:0
[22648:27816 ] [  INFO ] [23:48:48.197] c:\jenkins\workspace\Client\Client\Windows\clean\win-common\src\installer\NoMSIInstaller\PureClean\ZoomEnumUserUtil.cpp(239)::[GetUserSIDAndProfilePath] User:***** UserSessionID:S-1-5-21-3565037766-4151068233-2738897902-1001 Success:1
[22648:27816 ] [  INFO ] [23:48:48.197] c:\jenkins\workspace\Client\Client\Windows\clean\win-common\src\installer\NoMSIInstaller\PureClean\ZoomEnumUserUtil.cpp(180)::[QueryRegKeyToString] Regpath:S-1-5-21-3565037766-4151068233-2738897902-1001\Software\Microsoft\Windows\CurrentVersion\Explorer\User Shell Folders Query:AppData Value:%USERPROFILE%\AppData\Roaming
[22648:27816 ] [  INFO ] [23:48:48.197] c:\jenkins\workspace\Client\Client\Windows\clean\win-common\src\installer\NoMSIInstaller\PureClean\ZoomEnumUserUtil.cpp(180)::[QueryRegKeyToString] Regpath:S-1-5-21-3565037766-4151068233-2738897902-1001\Software\Microsoft\Windows\CurrentVersion\Explorer\User Shell Folders Query:Desktop Value:%USERPROFILE%\Desktop
[22648:27816 ] [  INFO ] [23:48:48.199] c:\jenkins\workspace\Client\Client\Windows\clean\win-common\src\installer\NoMSIInstaller\PureClean\ZoomEnumUserUtil.cpp(180)::[QueryRegKeyToString] Regpath:S-1-5-21-3565037766-4151068233-2738897902-1001\Software\Microsoft\Windows\CurrentVersion\Explorer\User Shell Folders Query:Start Menu Value:%USERPROFILE%\AppData\Roaming\Microsoft\Windows\Start Menu
[22648:27816 ] [  INFO ] [23:48:48.199] c:\jenkins\workspace\Client\Client\Windows\clean\win-common\src\installer\NoMSIInstaller\PureClean\ZoomEnumUserUtil.cpp(180)::[QueryRegKeyToString] Regpath:S-1-5-21-3565037766-4151068233-2738897902-1001\Software\Microsoft\Windows\CurrentVersion\Explorer\User Shell Folders Query:Local Appdata Value:%USERPROFILE%\AppData\Local
[22648:27816 ] [  INFO ] [23:48:48.199] c:\jenkins\workspace\Client\Client\Windows\clean\win-common\src\installer\NoMSIInstaller\PureClean\ZoomEnumUserUtil.cpp(684)::[CUserProfile::QueryUserPathesFromRegistry]
	UserSID:S-1-5-21-3565037766-4151068233-2738897902-1001 Query AppData Return:1 Query Lcoal AppData Return:1 Query Desktop Return:1 Query StartMenu Return:1 Error:0
[22648:27816 ] [  INFO ] [23:48:48.199] c:\jenkins\workspace\Client\Client\Windows\clean\win-common\src\installer\NoMSIInstaller\PureClean\ZoomEnumUserUtil.cpp(549)::[__HasZoomUnder] Has Zoom:0 for path:*****
[22648:27816 ] [  INFO ] [23:48:48.199] c:\jenkins\workspace\Client\Client\Windows\clean\win-common\src\installer\NoMSIInstaller\PureClean\ZoomEnumUserUtil.cpp(549)::[__HasZoomUnder] Has Zoom:0 for path:*****
[22648:27816 ] [  INFO ] [23:48:48.199] c:\jenkins\workspace\Client\Client\Windows\clean\win-common\src\installer\NoMSIInstaller\PureClean\ZoomEnumUserUtil.cpp(498)::[CUserProfile::DumpMe]
	SID:S-1-5-21-3565037766-4151068233-2738897902-1001
	User_Data:*****
	Has Zoom:0
	AppData path:*****
	AppData Local  path:*****
	Desktop path:*****
	StartMenu path:*****
	Registry loaded:0 is_registry_ready_:YES
[22648:27816 ] [ ERROR ] [23:48:48.199] c:\jenkins\workspace\Client\Client\Windows\clean\win-common\src\installer\NoMSIInstaller\PureClean\ZoomEnumUserUtil.cpp(203)::[GetUserProfilePathBySid] Failed to get user data path for UserSID:S-1-5-21-3565037766-4151068233-2738897902-504 RegPath:SOFTWARE\Microsoft\Windows NT\CurrentVersion\ProfileList\S-1-5-21-3565037766-4151068233-2738897902-504 Return:0 Error:0
[22648:27816 ] [  INFO ] [23:48:48.199] c:\jenkins\workspace\Client\Client\Windows\clean\win-common\src\installer\NoMSIInstaller\PureClean\ZoomEnumUserUtil.cpp(239)::[GetUserSIDAndProfilePath] User:***** UserSessionID:S-1-5-21-3565037766-4151068233-2738897902-504 Success:0
[22648:27816 ] [  INFO ] [23:48:48.200] c:\jenkins\workspace\Client\Client\Windows\clean\win-common\src\installer\NoMSIInstaller\PureClean\ZoomEnumUserUtil.cpp(239)::[GetUserSIDAndProfilePath] User:***** UserSessionID:S-1-5-21-3565037766-4151068233-2738897902-1108 Success:1
[22648:27816 ] [  INFO ] [23:48:48.200] c:\jenkins\workspace\Client\Client\Windows\clean\win-common\src\installer\NoMSIInstaller\PureClean\ZoomEnumUserUtil.cpp(606)::[CUserProfile::IsUserRegistryReady]
	SID:S-1-5-21-3565037766-4151068233-2738897902-1108
	User_Data:*****
	Load User Config Return:1314 Load User Classes Return:1314
	Config Path:*****
	Classes Path:S-1-5-21-3565037766-4151068233-2738897902-1108_Classes
	Error:0
[22648:27816 ] [  INFO ] [23:48:48.200] c:\jenkins\workspace\Client\Client\Windows\clean\win-common\src\installer\NoMSIInstaller\PureClean\ZoomEnumUserUtil.cpp(645)::[CUserProfile::QueryUserPathesFromRegistry] Fail to find registry for user:S-1-5-21-3565037766-4151068233-2738897902-1108
[22648:27816 ] [  INFO ] [23:48:48.200] c:\jenkins\workspace\Client\Client\Windows\clean\win-common\src\installer\NoMSIInstaller\PureClean\ZoomEnumUserUtil.cpp(549)::[__HasZoomUnder] Has Zoom:0 for path:*****
[22648:27816 ] [  INFO ] [23:48:48.200] c:\jenkins\workspace\Client\Client\Windows\clean\win-common\src\installer\NoMSIInstaller\PureClean\ZoomEnumUserUtil.cpp(549)::[__HasZoomUnder] Has Zoom:0 for path:*****
[22648:27816 ] [  INFO ] [23:48:48.200] c:\jenkins\workspace\Client\Client\Windows\clean\win-common\src\installer\NoMSIInstaller\PureClean\ZoomEnumUserUtil.cpp(498)::[CUserProfile::DumpMe]
	SID:S-1-5-21-3565037766-4151068233-2738897902-1108
	User_Data:*****
	Has Zoom:0
	AppData path:*****
	AppData Local  path:*****
	Desktop path:*****
	StartMenu path:*****
	Registry loaded:0 is_registry_ready_:NO
[22648:27816 ] [  INFO ] [23:48:48.200] c:\jenkins\workspace\Client\Client\Windows\clean\win-common\src\installer\NoMSIInstaller\PureClean\ZoomEnumUserUtil.cpp(327)::[EnumUsersSID] Total readed entries:6
[22648:27816 ] [  INFO ] [23:48:48.340] c:\jenkins\workspace\Client\Client\Windows\clean\win-common\src\installer\NoMSIInstaller\PureClean\ZoomEnumUserByWMI.cpp(193)::[EnumAccountCB] the user profile is owned by a special system service, return:S-1-5-20
[22648:27816 ] [  INFO ] [23:48:48.340] c:\jenkins\workspace\Client\Client\Windows\clean\win-common\src\installer\NoMSIInstaller\PureClean\ZoomEnumUserByWMI.cpp(193)::[EnumAccountCB] the user profile is owned by a special system service, return:S-1-5-19
[22648:27816 ] [  INFO ] [23:48:48.340] c:\jenkins\workspace\Client\Client\Windows\clean\win-common\src\installer\NoMSIInstaller\PureClean\ZoomEnumUserByWMI.cpp(193)::[EnumAccountCB] the user profile is owned by a special system service, return:S-1-5-18
[22648:27816 ] [  INFO ] [23:48:48.341] c:\jenkins\workspace\Client\Client\Windows\clean\win-common\src\installer\NoMSIInstaller\PureClean\ZoomEnumUserByWMI.cpp(135)::[RunWMIQuery] 'pEnumerator->Next(WBEM_INFINITE' uReturn is 0
[22648:27816 ] [  INFO ] [23:48:48.341] c:\jenkins\workspace\Client\Client\Windows\clean\win-common\src\installer\NoMSIInstaller\PureClean\ZoomEnumUserByWMI.cpp(262)::[EnumUsersSIDByWMI] Already found user:S-1-5-21-3565037766-4151068233-2738897902-1108 Path:C:\Users\Z...
[22648:27816 ] [  INFO ] [23:48:48.341] c:\jenkins\workspace\Client\Client\Windows\clean\win-common\src\installer\NoMSIInstaller\PureClean\ZoomEnumUserByWMI.cpp(267)::[EnumUsersSIDByWMI] Add user:S-1-5-21-3565037766-4151068233-2738897902-1107 Profile:C:\Users...
[22648:27816 ] [  INFO ] [23:48:48.341] c:\jenkins\workspace\Client\Client\Windows\clean\win-common\src\installer\NoMSIInstaller\PureClean\ZoomEnumUserUtil.cpp(606)::[CUserProfile::IsUserRegistryReady]
	SID:S-1-5-21-3565037766-4151068233-2738897902-1107
	User_Data:*****
	Load User Config Return:1314 Load User Classes Return:1314
	Config Path:*****
	Classes Path:S-1-5-21-3565037766-4151068233-2738897902-1107_Classes
	Error:0
[22648:27816 ] [  INFO ] [23:48:48.341] c:\jenkins\workspace\Client\Client\Windows\clean\win-common\src\installer\NoMSIInstaller\PureClean\ZoomEnumUserUtil.cpp(645)::[CUserProfile::QueryUserPathesFromRegistry] Fail to find registry for user:S-1-5-21-3565037766-4151068233-2738897902-1107
[22648:27816 ] [  INFO ] [23:48:48.341] c:\jenkins\workspace\Client\Client\Windows\clean\win-common\src\installer\NoMSIInstaller\PureClean\ZoomEnumUserUtil.cpp(549)::[__HasZoomUnder] Has Zoom:0 for path:*****
[22648:27816 ] [  INFO ] [23:48:48.341] c:\jenkins\workspace\Client\Client\Windows\clean\win-common\src\installer\NoMSIInstaller\PureClean\ZoomEnumUserUtil.cpp(549)::[__HasZoomUnder] Has Zoom:0 for path:*****
[22648:27816 ] [  INFO ] [23:48:48.341] c:\jenkins\workspace\Client\Client\Windows\clean\win-common\src\installer\NoMSIInstaller\PureClean\ZoomEnumUserUtil.cpp(498)::[CUserProfile::DumpMe]
	SID:S-1-5-21-3565037766-4151068233-2738897902-1107
	User_Data:*****
	Has Zoom:0
	AppData path:*****
	AppData Local  path:*****
	Desktop path:*****
	StartMenu path:*****
	Registry loaded:0 is_registry_ready_:NO
[22648:27816 ] [  INFO ] [23:48:48.342] c:\jenkins\workspace\Client\Client\Windows\clean\win-common\src\installer\NoMSIInstaller\PureClean\ZoomEnumUserByWMI.cpp(267)::[EnumUsersSIDByWMI] Add user:S-1-5-21-3565037766-4151068233-2738897902-1094 Profile:C:\Users\zoom1132...
[22648:27816 ] [  INFO ] [23:48:48.342] c:\jenkins\workspace\Client\Client\Windows\clean\win-common\src\installer\NoMSIInstaller\PureClean\ZoomEnumUserUtil.cpp(606)::[CUserProfile::IsUserRegistryReady]
	SID:S-1-5-21-3565037766-4151068233-2738897902-1094
	User_Data:*****
	Load User Config Return:1314 Load User Classes Return:1314
	Config Path:*****
	Classes Path:S-1-5-21-3565037766-4151068233-2738897902-1094_Classes
	Error:2
[22648:27816 ] [  INFO ] [23:48:48.342] c:\jenkins\workspace\Client\Client\Windows\clean\win-common\src\installer\NoMSIInstaller\PureClean\ZoomEnumUserUtil.cpp(645)::[CUserProfile::QueryUserPathesFromRegistry] Fail to find registry for user:S-1-5-21-3565037766-4151068233-2738897902-1094
[22648:27816 ] [  INFO ] [23:48:48.342] c:\jenkins\workspace\Client\Client\Windows\clean\win-common\src\installer\NoMSIInstaller\PureClean\ZoomEnumUserUtil.cpp(549)::[__HasZoomUnder] Has Zoom:0 for path:*****
[22648:27816 ] [  INFO ] [23:48:48.343] c:\jenkins\workspace\Client\Client\Windows\clean\win-common\src\installer\NoMSIInstaller\PureClean\ZoomEnumUserUtil.cpp(549)::[__HasZoomUnder] Has Zoom:0 for path:*****
[22648:27816 ] [  INFO ] [23:48:48.343] c:\jenkins\workspace\Client\Client\Windows\clean\win-common\src\installer\NoMSIInstaller\PureClean\ZoomEnumUserUtil.cpp(498)::[CUserProfile::DumpMe]
	SID:S-1-5-21-3565037766-4151068233-2738897902-1094
	User_Data:*****
	Has Zoom:0
	AppData path:*****
	AppData Local  path:*****
	Desktop path:*****
	StartMenu path:*****
	Registry loaded:0 is_registry_ready_:NO
[22648:27816 ] [  INFO ] [23:48:48.343] c:\jenkins\workspace\Client\Client\Windows\clean\win-common\src\installer\NoMSIInstaller\PureClean\ZoomEnumUserByWMI.cpp(267)::[EnumUsersSIDByWMI] Add user:S-1-5-21-3565037766-4151068233-2738897902-1093 Profile:C:\Users\zoom1132...
[22648:27816 ] [  INFO ] [23:48:48.343] c:\jenkins\workspace\Client\Client\Windows\clean\win-common\src\installer\NoMSIInstaller\PureClean\ZoomEnumUserUtil.cpp(606)::[CUserProfile::IsUserRegistryReady]
	SID:S-1-5-21-3565037766-4151068233-2738897902-1093
	User_Data:*****
	Load User Config Return:1314 Load User Classes Return:1314
	Config Path:*****
	Classes Path:S-1-5-21-3565037766-4151068233-2738897902-1093_Classes
	Error:3
[22648:27816 ] [  INFO ] [23:48:48.343] c:\jenkins\workspace\Client\Client\Windows\clean\win-common\src\installer\NoMSIInstaller\PureClean\ZoomEnumUserUtil.cpp(645)::[CUserProfile::QueryUserPathesFromRegistry] Fail to find registry for user:S-1-5-21-3565037766-4151068233-2738897902-1093
[22648:27816 ] [  INFO ] [23:48:48.343] c:\jenkins\workspace\Client\Client\Windows\clean\win-common\src\installer\NoMSIInstaller\PureClean\ZoomEnumUserUtil.cpp(549)::[__HasZoomUnder] Has Zoom:0 for path:*****
[22648:27816 ] [  INFO ] [23:48:48.343] c:\jenkins\workspace\Client\Client\Windows\clean\win-common\src\installer\NoMSIInstaller\PureClean\ZoomEnumUserUtil.cpp(549)::[__HasZoomUnder] Has Zoom:0 for path:*****
[22648:27816 ] [  INFO ] [23:48:48.343] c:\jenkins\workspace\Client\Client\Windows\clean\win-common\src\installer\NoMSIInstaller\PureClean\ZoomEnumUserUtil.cpp(498)::[CUserProfile::DumpMe]
	SID:S-1-5-21-3565037766-4151068233-2738897902-1093
	User_Data:*****
	Has Zoom:0
	AppData path:*****
	AppData Local  path:*****
	Desktop path:*****
	StartMenu path:*****
	Registry loaded:0 is_registry_ready_:NO
[22648:27816 ] [  INFO ] [23:48:48.344] c:\jenkins\workspace\Client\Client\Windows\clean\win-common\src\installer\NoMSIInstaller\PureClean\ZoomEnumUserByWMI.cpp(267)::[EnumUsersSIDByWMI] Add user:S-1-5-21-3565037766-4151068233-2738897902-1092 Profile:C:\Users\zoom1132...
[22648:27816 ] [  INFO ] [23:48:48.344] c:\jenkins\workspace\Client\Client\Windows\clean\win-common\src\installer\NoMSIInstaller\PureClean\ZoomEnumUserUtil.cpp(606)::[CUserProfile::IsUserRegistryReady]
	SID:S-1-5-21-3565037766-4151068233-2738897902-1092
	User_Data:*****
	Load User Config Return:1314 Load User Classes Return:1314
	Config Path:*****
	Classes Path:S-1-5-21-3565037766-4151068233-2738897902-1092_Classes
	Error:3
[22648:27816 ] [  INFO ] [23:48:48.344] c:\jenkins\workspace\Client\Client\Windows\clean\win-common\src\installer\NoMSIInstaller\PureClean\ZoomEnumUserUtil.cpp(645)::[CUserProfile::QueryUserPathesFromRegistry] Fail to find registry for user:S-1-5-21-3565037766-4151068233-2738897902-1092
[22648:27816 ] [  INFO ] [23:48:48.344] c:\jenkins\workspace\Client\Client\Windows\clean\win-common\src\installer\NoMSIInstaller\PureClean\ZoomEnumUserUtil.cpp(549)::[__HasZoomUnder] Has Zoom:0 for path:*****
[22648:27816 ] [  INFO ] [23:48:48.344] c:\jenkins\workspace\Client\Client\Windows\clean\win-common\src\installer\NoMSIInstaller\PureClean\ZoomEnumUserUtil.cpp(549)::[__HasZoomUnder] Has Zoom:0 for path:*****
[22648:27816 ] [  INFO ] [23:48:48.344] c:\jenkins\workspace\Client\Client\Windows\clean\win-common\src\installer\NoMSIInstaller\PureClean\ZoomEnumUserUtil.cpp(498)::[CUserProfile::DumpMe]
	SID:S-1-5-21-3565037766-4151068233-2738897902-1092
	User_Data:*****
	Has Zoom:0
	AppData path:*****
	AppData Local  path:*****
	Desktop path:*****
	StartMenu path:*****
	Registry loaded:0 is_registry_ready_:NO
[22648:27816 ] [  INFO ] [23:48:48.344] c:\jenkins\workspace\Client\Client\Windows\clean\win-common\src\installer\NoMSIInstaller\PureClean\ZoomEnumUserByWMI.cpp(267)::[EnumUsersSIDByWMI] Add user:S-1-5-21-3565037766-4151068233-2738897902-1091 Profile:C:\Users\zoom1132...
[22648:27816 ] [  INFO ] [23:48:48.344] c:\jenkins\workspace\Client\Client\Windows\clean\win-common\src\installer\NoMSIInstaller\PureClean\ZoomEnumUserUtil.cpp(606)::[CUserProfile::IsUserRegistryReady]
	SID:S-1-5-21-3565037766-4151068233-2738897902-1091
	User_Data:*****
	Load User Config Return:1314 Load User Classes Return:1314
	Config Path:*****
	Classes Path:S-1-5-21-3565037766-4151068233-2738897902-1091_Classes
	Error:3
[22648:27816 ] [  INFO ] [23:48:48.344] c:\jenkins\workspace\Client\Client\Windows\clean\win-common\src\installer\NoMSIInstaller\PureClean\ZoomEnumUserUtil.cpp(645)::[CUserProfile::QueryUserPathesFromRegistry] Fail to find registry for user:S-1-5-21-3565037766-4151068233-2738897902-1091
[22648:27816 ] [  INFO ] [23:48:48.344] c:\jenkins\workspace\Client\Client\Windows\clean\win-common\src\installer\NoMSIInstaller\PureClean\ZoomEnumUserUtil.cpp(549)::[__HasZoomUnder] Has Zoom:0 for path:*****
[22648:27816 ] [  INFO ] [23:48:48.344] c:\jenkins\workspace\Client\Client\Windows\clean\win-common\src\installer\NoMSIInstaller\PureClean\ZoomEnumUserUtil.cpp(549)::[__HasZoomUnder] Has Zoom:0 for path:*****
[22648:27816 ] [  INFO ] [23:48:48.344] c:\jenkins\workspace\Client\Client\Windows\clean\win-common\src\installer\NoMSIInstaller\PureClean\ZoomEnumUserUtil.cpp(498)::[CUserProfile::DumpMe]
	SID:S-1-5-21-3565037766-4151068233-2738897902-1091
	User_Data:*****
	Has Zoom:0
	AppData path:*****
	AppData Local  path:*****
	Desktop path:*****
	StartMenu path:*****
	Registry loaded:0 is_registry_ready_:NO
[22648:27816 ] [  INFO ] [23:48:48.346] c:\jenkins\workspace\Client\Client\Windows\clean\win-common\src\installer\NoMSIInstaller\PureClean\ZoomEnumUserByWMI.cpp(267)::[EnumUsersSIDByWMI] Add user:S-1-5-21-3565037766-4151068233-2738897902-1090 Profile:C:\Users\zoom1132...
[22648:27816 ] [  INFO ] [23:48:48.346] c:\jenkins\workspace\Client\Client\Windows\clean\win-common\src\installer\NoMSIInstaller\PureClean\ZoomEnumUserUtil.cpp(606)::[CUserProfile::IsUserRegistryReady]
	SID:S-1-5-21-3565037766-4151068233-2738897902-1090
	User_Data:*****
	Load User Config Return:1314 Load User Classes Return:1314
	Config Path:*****
	Classes Path:S-1-5-21-3565037766-4151068233-2738897902-1090_Classes
	Error:3
[22648:27816 ] [  INFO ] [23:48:48.346] c:\jenkins\workspace\Client\Client\Windows\clean\win-common\src\installer\NoMSIInstaller\PureClean\ZoomEnumUserUtil.cpp(645)::[CUserProfile::QueryUserPathesFromRegistry] Fail to find registry for user:S-1-5-21-3565037766-4151068233-2738897902-1090
[22648:27816 ] [  INFO ] [23:48:48.346] c:\jenkins\workspace\Client\Client\Windows\clean\win-common\src\installer\NoMSIInstaller\PureClean\ZoomEnumUserUtil.cpp(549)::[__HasZoomUnder] Has Zoom:0 for path:*****
[22648:27816 ] [  INFO ] [23:48:48.346] c:\jenkins\workspace\Client\Client\Windows\clean\win-common\src\installer\NoMSIInstaller\PureClean\ZoomEnumUserUtil.cpp(549)::[__HasZoomUnder] Has Zoom:0 for path:*****
[22648:27816 ] [  INFO ] [23:48:48.346] c:\jenkins\workspace\Client\Client\Windows\clean\win-common\src\installer\NoMSIInstaller\PureClean\ZoomEnumUserUtil.cpp(498)::[CUserProfile::DumpMe]
	SID:S-1-5-21-3565037766-4151068233-2738897902-1090
	User_Data:*****
	Has Zoom:0
	AppData path:*****
	AppData Local  path:*****
	Desktop path:*****
	StartMenu path:*****
	Registry loaded:0 is_registry_ready_:NO
[22648:27816 ] [  INFO ] [23:48:48.346] c:\jenkins\workspace\Client\Client\Windows\clean\win-common\src\installer\NoMSIInstaller\PureClean\ZoomEnumUserByWMI.cpp(267)::[EnumUsersSIDByWMI] Add user:S-1-5-21-3565037766-4151068233-2738897902-1089 Profile:C:\Users\zoom1132...
[22648:27816 ] [  INFO ] [23:48:48.346] c:\jenkins\workspace\Client\Client\Windows\clean\win-common\src\installer\NoMSIInstaller\PureClean\ZoomEnumUserUtil.cpp(606)::[CUserProfile::IsUserRegistryReady]
	SID:S-1-5-21-3565037766-4151068233-2738897902-1089
	User_Data:*****
	Load User Config Return:1314 Load User Classes Return:1314
	Config Path:*****
	Classes Path:S-1-5-21-3565037766-4151068233-2738897902-1089_Classes
	Error:3
[22648:27816 ] [  INFO ] [23:48:48.347] c:\jenkins\workspace\Client\Client\Windows\clean\win-common\src\installer\NoMSIInstaller\PureClean\ZoomEnumUserUtil.cpp(645)::[CUserProfile::QueryUserPathesFromRegistry] Fail to find registry for user:S-1-5-21-3565037766-4151068233-2738897902-1089
[22648:27816 ] [  INFO ] [23:48:48.347] c:\jenkins\workspace\Client\Client\Windows\clean\win-common\src\installer\NoMSIInstaller\PureClean\ZoomEnumUserUtil.cpp(549)::[__HasZoomUnder] Has Zoom:0 for path:*****
[22648:27816 ] [  INFO ] [23:48:48.347] c:\jenkins\workspace\Client\Client\Windows\clean\win-common\src\installer\NoMSIInstaller\PureClean\ZoomEnumUserUtil.cpp(549)::[__HasZoomUnder] Has Zoom:0 for path:*****
[22648:27816 ] [  INFO ] [23:48:48.347] c:\jenkins\workspace\Client\Client\Windows\clean\win-common\src\installer\NoMSIInstaller\PureClean\ZoomEnumUserUtil.cpp(498)::[CUserProfile::DumpMe]
	SID:S-1-5-21-3565037766-4151068233-2738897902-1089
	User_Data:*****
	Has Zoom:0
	AppData path:*****
	AppData Local  path:*****
	Desktop path:*****
	StartMenu path:*****
	Registry loaded:0 is_registry_ready_:NO
[22648:27816 ] [  INFO ] [23:48:48.347] c:\jenkins\workspace\Client\Client\Windows\clean\win-common\src\installer\NoMSIInstaller\PureClean\ZoomEnumUserByWMI.cpp(267)::[EnumUsersSIDByWMI] Add user:S-1-5-21-3565037766-4151068233-2738897902-1088 Profile:C:\Users\zoom1132...
[22648:27816 ] [  INFO ] [23:48:48.347] c:\jenkins\workspace\Client\Client\Windows\clean\win-common\src\installer\NoMSIInstaller\PureClean\ZoomEnumUserUtil.cpp(606)::[CUserProfile::IsUserRegistryReady]
	SID:S-1-5-21-3565037766-4151068233-2738897902-1088
	User_Data:*****
	Load User Config Return:1314 Load User Classes Return:1314
	Config Path:*****
	Classes Path:S-1-5-21-3565037766-4151068233-2738897902-1088_Classes
	Error:3
[22648:27816 ] [  INFO ] [23:48:48.347] c:\jenkins\workspace\Client\Client\Windows\clean\win-common\src\installer\NoMSIInstaller\PureClean\ZoomEnumUserUtil.cpp(645)::[CUserProfile::QueryUserPathesFromRegistry] Fail to find registry for user:S-1-5-21-3565037766-4151068233-2738897902-1088
[22648:27816 ] [  INFO ] [23:48:48.347] c:\jenkins\workspace\Client\Client\Windows\clean\win-common\src\installer\NoMSIInstaller\PureClean\ZoomEnumUserUtil.cpp(549)::[__HasZoomUnder] Has Zoom:0 for path:*****
[22648:27816 ] [  INFO ] [23:48:48.347] c:\jenkins\workspace\Client\Client\Windows\clean\win-common\src\installer\NoMSIInstaller\PureClean\ZoomEnumUserUtil.cpp(549)::[__HasZoomUnder] Has Zoom:0 for path:*****
[22648:27816 ] [  INFO ] [23:48:48.347] c:\jenkins\workspace\Client\Client\Windows\clean\win-common\src\installer\NoMSIInstaller\PureClean\ZoomEnumUserUtil.cpp(498)::[CUserProfile::DumpMe]
	SID:S-1-5-21-3565037766-4151068233-2738897902-1088
	User_Data:*****
	Has Zoom:0
	AppData path:*****
	AppData Local  path:*****
	Desktop path:*****
	StartMenu path:*****
	Registry loaded:0 is_registry_ready_:NO
[22648:27816 ] [  INFO ] [23:48:48.347] c:\jenkins\workspace\Client\Client\Windows\clean\win-common\src\installer\NoMSIInstaller\PureClean\ZoomEnumUserByWMI.cpp(267)::[EnumUsersSIDByWMI] Add user:S-1-5-21-3565037766-4151068233-2738897902-1087 Profile:C:\Users\zoom1132...
[22648:27816 ] [  INFO ] [23:48:48.347] c:\jenkins\workspace\Client\Client\Windows\clean\win-common\src\installer\NoMSIInstaller\PureClean\ZoomEnumUserUtil.cpp(606)::[CUserProfile::IsUserRegistryReady]
	SID:S-1-5-21-3565037766-4151068233-2738897902-1087
	User_Data:*****
	Load User Config Return:1314 Load User Classes Return:1314
	Config Path:*****
	Classes Path:S-1-5-21-3565037766-4151068233-2738897902-1087_Classes
	Error:3
[22648:27816 ] [  INFO ] [23:48:48.348] c:\jenkins\workspace\Client\Client\Windows\clean\win-common\src\installer\NoMSIInstaller\PureClean\ZoomEnumUserUtil.cpp(645)::[CUserProfile::QueryUserPathesFromRegistry] Fail to find registry for user:S-1-5-21-3565037766-4151068233-2738897902-1087
[22648:27816 ] [  INFO ] [23:48:48.348] c:\jenkins\workspace\Client\Client\Windows\clean\win-common\src\installer\NoMSIInstaller\PureClean\ZoomEnumUserUtil.cpp(549)::[__HasZoomUnder] Has Zoom:0 for path:*****
[22648:27816 ] [  INFO ] [23:48:48.348] c:\jenkins\workspace\Client\Client\Windows\clean\win-common\src\installer\NoMSIInstaller\PureClean\ZoomEnumUserUtil.cpp(549)::[__HasZoomUnder] Has Zoom:0 for path:*****
[22648:27816 ] [  INFO ] [23:48:48.348] c:\jenkins\workspace\Client\Client\Windows\clean\win-common\src\installer\NoMSIInstaller\PureClean\ZoomEnumUserUtil.cpp(498)::[CUserProfile::DumpMe]
	SID:S-1-5-21-3565037766-4151068233-2738897902-1087
	User_Data:*****
	Has Zoom:0
	AppData path:*****
	AppData Local  path:*****
	Desktop path:*****
	StartMenu path:*****
	Registry loaded:0 is_registry_ready_:NO
[22648:27816 ] [  INFO ] [23:48:48.348] c:\jenkins\workspace\Client\Client\Windows\clean\win-common\src\installer\NoMSIInstaller\PureClean\ZoomEnumUserByWMI.cpp(267)::[EnumUsersSIDByWMI] Add user:S-1-5-21-3565037766-4151068233-2738897902-1086 Profile:C:\Users\zoom1132...
[22648:27816 ] [  INFO ] [23:48:48.349] c:\jenkins\workspace\Client\Client\Windows\clean\win-common\src\installer\NoMSIInstaller\PureClean\ZoomEnumUserUtil.cpp(606)::[CUserProfile::IsUserRegistryReady]
	SID:S-1-5-21-3565037766-4151068233-2738897902-1086
	User_Data:*****
	Load User Config Return:1314 Load User Classes Return:1314
	Config Path:*****
	Classes Path:S-1-5-21-3565037766-4151068233-2738897902-1086_Classes
	Error:3
[22648:27816 ] [  INFO ] [23:48:48.349] c:\jenkins\workspace\Client\Client\Windows\clean\win-common\src\installer\NoMSIInstaller\PureClean\ZoomEnumUserUtil.cpp(645)::[CUserProfile::QueryUserPathesFromRegistry] Fail to find registry for user:S-1-5-21-3565037766-4151068233-2738897902-1086
[22648:27816 ] [  INFO ] [23:48:48.349] c:\jenkins\workspace\Client\Client\Windows\clean\win-common\src\installer\NoMSIInstaller\PureClean\ZoomEnumUserUtil.cpp(549)::[__HasZoomUnder] Has Zoom:0 for path:*****
[22648:27816 ] [  INFO ] [23:48:48.349] c:\jenkins\workspace\Client\Client\Windows\clean\win-common\src\installer\NoMSIInstaller\PureClean\ZoomEnumUserUtil.cpp(549)::[__HasZoomUnder] Has Zoom:0 for path:*****
[22648:27816 ] [  INFO ] [23:48:48.349] c:\jenkins\workspace\Client\Client\Windows\clean\win-common\src\installer\NoMSIInstaller\PureClean\ZoomEnumUserUtil.cpp(498)::[CUserProfile::DumpMe]
	SID:S-1-5-21-3565037766-4151068233-2738897902-1086
	User_Data:*****
	Has Zoom:0
	AppData path:*****
	AppData Local  path:*****
	Desktop path:*****
	StartMenu path:*****
	Registry loaded:0 is_registry_ready_:NO
[22648:27816 ] [  INFO ] [23:48:48.349] c:\jenkins\workspace\Client\Client\Windows\clean\win-common\src\installer\NoMSIInstaller\PureClean\ZoomEnumUserByWMI.cpp(267)::[EnumUsersSIDByWMI] Add user:S-1-5-21-3565037766-4151068233-2738897902-1085 Profile:C:\Users\zoom1132...
[22648:27816 ] [  INFO ] [23:48:48.349] c:\jenkins\workspace\Client\Client\Windows\clean\win-common\src\installer\NoMSIInstaller\PureClean\ZoomEnumUserUtil.cpp(606)::[CUserProfile::IsUserRegistryReady]
	SID:S-1-5-21-3565037766-4151068233-2738897902-1085
	User_Data:*****
	Load User Config Return:1314 Load User Classes Return:1314
	Config Path:*****
	Classes Path:S-1-5-21-3565037766-4151068233-2738897902-1085_Classes
	Error:3
[22648:27816 ] [  INFO ] [23:48:48.349] c:\jenkins\workspace\Client\Client\Windows\clean\win-common\src\installer\NoMSIInstaller\PureClean\ZoomEnumUserUtil.cpp(645)::[CUserProfile::QueryUserPathesFromRegistry] Fail to find registry for user:S-1-5-21-3565037766-4151068233-2738897902-1085
[22648:27816 ] [  INFO ] [23:48:48.349] c:\jenkins\workspace\Client\Client\Windows\clean\win-common\src\installer\NoMSIInstaller\PureClean\ZoomEnumUserUtil.cpp(549)::[__HasZoomUnder] Has Zoom:0 for path:*****
[22648:27816 ] [  INFO ] [23:48:48.349] c:\jenkins\workspace\Client\Client\Windows\clean\win-common\src\installer\NoMSIInstaller\PureClean\ZoomEnumUserUtil.cpp(549)::[__HasZoomUnder] Has Zoom:0 for path:*****
[22648:27816 ] [  INFO ] [23:48:48.349] c:\jenkins\workspace\Client\Client\Windows\clean\win-common\src\installer\NoMSIInstaller\PureClean\ZoomEnumUserUtil.cpp(498)::[CUserProfile::DumpMe]
	SID:S-1-5-21-3565037766-4151068233-2738897902-1085
	User_Data:*****
	Has Zoom:0
	AppData path:*****
	AppData Local  path:*****
	Desktop path:*****
	StartMenu path:*****
	Registry loaded:0 is_registry_ready_:NO
[22648:27816 ] [  INFO ] [23:48:48.349] c:\jenkins\workspace\Client\Client\Windows\clean\win-common\src\installer\NoMSIInstaller\PureClean\ZoomEnumUserByWMI.cpp(267)::[EnumUsersSIDByWMI] Add user:S-1-5-21-3565037766-4151068233-2738897902-1084 Profile:C:\Users\zoom1132...
[22648:27816 ] [  INFO ] [23:48:48.350] c:\jenkins\workspace\Client\Client\Windows\clean\win-common\src\installer\NoMSIInstaller\PureClean\ZoomEnumUserUtil.cpp(606)::[CUserProfile::IsUserRegistryReady]
	SID:S-1-5-21-3565037766-4151068233-2738897902-1084
	User_Data:*****
	Load User Config Return:1314 Load User Classes Return:1314
	Config Path:*****
	Classes Path:S-1-5-21-3565037766-4151068233-2738897902-1084_Classes
	Error:3
[22648:27816 ] [  INFO ] [23:48:48.350] c:\jenkins\workspace\Client\Client\Windows\clean\win-common\src\installer\NoMSIInstaller\PureClean\ZoomEnumUserUtil.cpp(645)::[CUserProfile::QueryUserPathesFromRegistry] Fail to find registry for user:S-1-5-21-3565037766-4151068233-2738897902-1084
[22648:27816 ] [  INFO ] [23:48:48.350] c:\jenkins\workspace\Client\Client\Windows\clean\win-common\src\installer\NoMSIInstaller\PureClean\ZoomEnumUserUtil.cpp(549)::[__HasZoomUnder] Has Zoom:0 for path:*****
[22648:27816 ] [  INFO ] [23:48:48.350] c:\jenkins\workspace\Client\Client\Windows\clean\win-common\src\installer\NoMSIInstaller\PureClean\ZoomEnumUserUtil.cpp(549)::[__HasZoomUnder] Has Zoom:0 for path:*****
[22648:27816 ] [  INFO ] [23:48:48.350] c:\jenkins\workspace\Client\Client\Windows\clean\win-common\src\installer\NoMSIInstaller\PureClean\ZoomEnumUserUtil.cpp(498)::[CUserProfile::DumpMe]
	SID:S-1-5-21-3565037766-4151068233-2738897902-1084
	User_Data:*****
	Has Zoom:0
	AppData path:*****
	AppData Local  path:*****
	Desktop path:*****
	StartMenu path:*****
	Registry loaded:0 is_registry_ready_:NO
[22648:27816 ] [  INFO ] [23:48:48.350] c:\jenkins\workspace\Client\Client\Windows\clean\win-common\src\installer\NoMSIInstaller\PureClean\ZoomEnumUserByWMI.cpp(267)::[EnumUsersSIDByWMI] Add user:S-1-5-21-3565037766-4151068233-2738897902-1083 Profile:C:\Users\zoom11...
[22648:27816 ] [  INFO ] [23:48:48.350] c:\jenkins\workspace\Client\Client\Windows\clean\win-common\src\installer\NoMSIInstaller\PureClean\ZoomEnumUserUtil.cpp(606)::[CUserProfile::IsUserRegistryReady]
	SID:S-1-5-21-3565037766-4151068233-2738897902-1083
	User_Data:*****
	Load User Config Return:1314 Load User Classes Return:1314
	Config Path:*****
	Classes Path:S-1-5-21-3565037766-4151068233-2738897902-1083_Classes
	Error:3
[22648:27816 ] [  INFO ] [23:48:48.350] c:\jenkins\workspace\Client\Client\Windows\clean\win-common\src\installer\NoMSIInstaller\PureClean\ZoomEnumUserUtil.cpp(645)::[CUserProfile::QueryUserPathesFromRegistry] Fail to find registry for user:S-1-5-21-3565037766-4151068233-2738897902-1083
[22648:27816 ] [  INFO ] [23:48:48.350] c:\jenkins\workspace\Client\Client\Windows\clean\win-common\src\installer\NoMSIInstaller\PureClean\ZoomEnumUserUtil.cpp(549)::[__HasZoomUnder] Has Zoom:0 for path:*****
[22648:27816 ] [  INFO ] [23:48:48.350] c:\jenkins\workspace\Client\Client\Windows\clean\win-common\src\installer\NoMSIInstaller\PureClean\ZoomEnumUserUtil.cpp(549)::[__HasZoomUnder] Has Zoom:0 for path:*****
[22648:27816 ] [  INFO ] [23:48:48.350] c:\jenkins\workspace\Client\Client\Windows\clean\win-common\src\installer\NoMSIInstaller\PureClean\ZoomEnumUserUtil.cpp(498)::[CUserProfile::DumpMe]
	SID:S-1-5-21-3565037766-4151068233-2738897902-1083
	User_Data:*****
	Has Zoom:0
	AppData path:*****
	AppData Local  path:*****
	Desktop path:*****
	StartMenu path:*****
	Registry loaded:0 is_registry_ready_:NO
[22648:27816 ] [  INFO ] [23:48:48.350] c:\jenkins\workspace\Client\Client\Windows\clean\win-common\src\installer\NoMSIInstaller\PureClean\ZoomEnumUserByWMI.cpp(267)::[EnumUsersSIDByWMI] Add user:S-1-5-21-3565037766-4151068233-2738897902-1082 Profile:C:\Users\zoom...
[22648:27816 ] [  INFO ] [23:48:48.350] c:\jenkins\workspace\Client\Client\Windows\clean\win-common\src\installer\NoMSIInstaller\PureClean\ZoomEnumUserUtil.cpp(606)::[CUserProfile::IsUserRegistryReady]
	SID:S-1-5-21-3565037766-4151068233-2738897902-1082
	User_Data:*****
	Load User Config Return:1314 Load User Classes Return:1314
	Config Path:*****
	Classes Path:S-1-5-21-3565037766-4151068233-2738897902-1082_Classes
	Error:3
[22648:27816 ] [  INFO ] [23:48:48.352] c:\jenkins\workspace\Client\Client\Windows\clean\win-common\src\installer\NoMSIInstaller\PureClean\ZoomEnumUserUtil.cpp(645)::[CUserProfile::QueryUserPathesFromRegistry] Fail to find registry for user:S-1-5-21-3565037766-4151068233-2738897902-1082
[22648:27816 ] [  INFO ] [23:48:48.352] c:\jenkins\workspace\Client\Client\Windows\clean\win-common\src\installer\NoMSIInstaller\PureClean\ZoomEnumUserUtil.cpp(549)::[__HasZoomUnder] Has Zoom:0 for path:*****
[22648:27816 ] [  INFO ] [23:48:48.352] c:\jenkins\workspace\Client\Client\Windows\clean\win-common\src\installer\NoMSIInstaller\PureClean\ZoomEnumUserUtil.cpp(549)::[__HasZoomUnder] Has Zoom:0 for path:*****
[22648:27816 ] [  INFO ] [23:48:48.352] c:\jenkins\workspace\Client\Client\Windows\clean\win-common\src\installer\NoMSIInstaller\PureClean\ZoomEnumUserUtil.cpp(498)::[CUserProfile::DumpMe]
	SID:S-1-5-21-3565037766-4151068233-2738897902-1082
	User_Data:*****
	Has Zoom:0
	AppData path:*****
	AppData Local  path:*****
	Desktop path:*****
	StartMenu path:*****
	Registry loaded:0 is_registry_ready_:NO
[22648:27816 ] [  INFO ] [23:48:48.352] c:\jenkins\workspace\Client\Client\Windows\clean\win-common\src\installer\NoMSIInstaller\PureClean\ZoomEnumUserByWMI.cpp(267)::[EnumUsersSIDByWMI] Add user:S-1-5-21-3565037766-4151068233-2738897902-1071 Profile:C:\Users...
[22648:27816 ] [  INFO ] [23:48:48.352] c:\jenkins\workspace\Client\Client\Windows\clean\win-common\src\installer\NoMSIInstaller\PureClean\ZoomEnumUserUtil.cpp(606)::[CUserProfile::IsUserRegistryReady]
	SID:S-1-5-21-3565037766-4151068233-2738897902-1071
	User_Data:*****
	Load User Config Return:1314 Load User Classes Return:1314
	Config Path:*****
	Classes Path:S-1-5-21-3565037766-4151068233-2738897902-1071_Classes
	Error:3
[22648:27816 ] [  INFO ] [23:48:48.352] c:\jenkins\workspace\Client\Client\Windows\clean\win-common\src\installer\NoMSIInstaller\PureClean\ZoomEnumUserUtil.cpp(645)::[CUserProfile::QueryUserPathesFromRegistry] Fail to find registry for user:S-1-5-21-3565037766-4151068233-2738897902-1071
[22648:27816 ] [  INFO ] [23:48:48.352] c:\jenkins\workspace\Client\Client\Windows\clean\win-common\src\installer\NoMSIInstaller\PureClean\ZoomEnumUserUtil.cpp(549)::[__HasZoomUnder] Has Zoom:0 for path:*****
[22648:27816 ] [  INFO ] [23:48:48.353] c:\jenkins\workspace\Client\Client\Windows\clean\win-common\src\installer\NoMSIInstaller\PureClean\ZoomEnumUserUtil.cpp(549)::[__HasZoomUnder] Has Zoom:0 for path:*****
[22648:27816 ] [  INFO ] [23:48:48.353] c:\jenkins\workspace\Client\Client\Windows\clean\win-common\src\installer\NoMSIInstaller\PureClean\ZoomEnumUserUtil.cpp(498)::[CUserProfile::DumpMe]
	SID:S-1-5-21-3565037766-4151068233-2738897902-1071
	User_Data:*****
	Has Zoom:0
	AppData path:*****
	AppData Local  path:*****
	Desktop path:*****
	StartMenu path:*****
	Registry loaded:0 is_registry_ready_:NO
[22648:27816 ] [  INFO ] [23:48:48.353] c:\jenkins\workspace\Client\Client\Windows\clean\win-common\src\installer\NoMSIInstaller\PureClean\ZoomEnumUserByWMI.cpp(267)::[EnumUsersSIDByWMI] Add user:S-1-5-21-3565037766-4151068233-2738897902-1064 Profile:C:\User...
[22648:27816 ] [  INFO ] [23:48:48.353] c:\jenkins\workspace\Client\Client\Windows\clean\win-common\src\installer\NoMSIInstaller\PureClean\ZoomEnumUserUtil.cpp(606)::[CUserProfile::IsUserRegistryReady]
	SID:S-1-5-21-3565037766-4151068233-2738897902-1064
	User_Data:*****
	Load User Config Return:1314 Load User Classes Return:1314
	Config Path:*****
	Classes Path:S-1-5-21-3565037766-4151068233-2738897902-1064_Classes
	Error:3
[22648:27816 ] [  INFO ] [23:48:48.353] c:\jenkins\workspace\Client\Client\Windows\clean\win-common\src\installer\NoMSIInstaller\PureClean\ZoomEnumUserUtil.cpp(645)::[CUserProfile::QueryUserPathesFromRegistry] Fail to find registry for user:S-1-5-21-3565037766-4151068233-2738897902-1064
[22648:27816 ] [  INFO ] [23:48:48.353] c:\jenkins\workspace\Client\Client\Windows\clean\win-common\src\installer\NoMSIInstaller\PureClean\ZoomEnumUserUtil.cpp(549)::[__HasZoomUnder] Has Zoom:0 for path:*****
[22648:27816 ] [  INFO ] [23:48:48.353] c:\jenkins\workspace\Client\Client\Windows\clean\win-common\src\installer\NoMSIInstaller\PureClean\ZoomEnumUserUtil.cpp(549)::[__HasZoomUnder] Has Zoom:0 for path:*****
[22648:27816 ] [  INFO ] [23:48:48.353] c:\jenkins\workspace\Client\Client\Windows\clean\win-common\src\installer\NoMSIInstaller\PureClean\ZoomEnumUserUtil.cpp(498)::[CUserProfile::DumpMe]
	SID:S-1-5-21-3565037766-4151068233-2738897902-1064
	User_Data:*****
	Has Zoom:0
	AppData path:*****
	AppData Local  path:*****
	Desktop path:*****
	StartMenu path:*****
	Registry loaded:0 is_registry_ready_:NO
[22648:27816 ] [  INFO ] [23:48:48.353] c:\jenkins\workspace\Client\Client\Windows\clean\win-common\src\installer\NoMSIInstaller\PureClean\ZoomEnumUserByWMI.cpp(267)::[EnumUsersSIDByWMI] Add user:S-1-5-21-3565037766-4151068233-2738897902-1063 Profile:C:\User...
[22648:27816 ] [  INFO ] [23:48:48.353] c:\jenkins\workspace\Client\Client\Windows\clean\win-common\src\installer\NoMSIInstaller\PureClean\ZoomEnumUserUtil.cpp(606)::[CUserProfile::IsUserRegistryReady]
	SID:S-1-5-21-3565037766-4151068233-2738897902-1063
	User_Data:*****
	Load User Config Return:1314 Load User Classes Return:1314
	Config Path:*****
	Classes Path:S-1-5-21-3565037766-4151068233-2738897902-1063_Classes
	Error:3
[22648:27816 ] [  INFO ] [23:48:48.353] c:\jenkins\workspace\Client\Client\Windows\clean\win-common\src\installer\NoMSIInstaller\PureClean\ZoomEnumUserUtil.cpp(645)::[CUserProfile::QueryUserPathesFromRegistry] Fail to find registry for user:S-1-5-21-3565037766-4151068233-2738897902-1063
[22648:27816 ] [  INFO ] [23:48:48.353] c:\jenkins\workspace\Client\Client\Windows\clean\win-common\src\installer\NoMSIInstaller\PureClean\ZoomEnumUserUtil.cpp(549)::[__HasZoomUnder] Has Zoom:0 for path:*****
[22648:27816 ] [  INFO ] [23:48:48.354] c:\jenkins\workspace\Client\Client\Windows\clean\win-common\src\installer\NoMSIInstaller\PureClean\ZoomEnumUserUtil.cpp(549)::[__HasZoomUnder] Has Zoom:0 for path:*****
[22648:27816 ] [  INFO ] [23:48:48.354] c:\jenkins\workspace\Client\Client\Windows\clean\win-common\src\installer\NoMSIInstaller\PureClean\ZoomEnumUserUtil.cpp(498)::[CUserProfile::DumpMe]
	SID:S-1-5-21-3565037766-4151068233-2738897902-1063
	User_Data:*****
	Has Zoom:0
	AppData path:*****
	AppData Local  path:*****
	Desktop path:*****
	StartMenu path:*****
	Registry loaded:0 is_registry_ready_:NO
[22648:27816 ] [  INFO ] [23:48:48.354] c:\jenkins\workspace\Client\Client\Windows\clean\win-common\src\installer\NoMSIInstaller\PureClean\ZoomEnumUserByWMI.cpp(267)::[EnumUsersSIDByWMI] Add user:S-1-5-21-3565037766-4151068233-2738897902-1062 Profile:C:\User...
[22648:27816 ] [  INFO ] [23:48:48.354] c:\jenkins\workspace\Client\Client\Windows\clean\win-common\src\installer\NoMSIInstaller\PureClean\ZoomEnumUserUtil.cpp(606)::[CUserProfile::IsUserRegistryReady]
	SID:S-1-5-21-3565037766-4151068233-2738897902-1062
	User_Data:*****
	Load User Config Return:1314 Load User Classes Return:1314
	Config Path:*****
	Classes Path:S-1-5-21-3565037766-4151068233-2738897902-1062_Classes
	Error:3
[22648:27816 ] [  INFO ] [23:48:48.354] c:\jenkins\workspace\Client\Client\Windows\clean\win-common\src\installer\NoMSIInstaller\PureClean\ZoomEnumUserUtil.cpp(645)::[CUserProfile::QueryUserPathesFromRegistry] Fail to find registry for user:S-1-5-21-3565037766-4151068233-2738897902-1062
[22648:27816 ] [  INFO ] [23:48:48.354] c:\jenkins\workspace\Client\Client\Windows\clean\win-common\src\installer\NoMSIInstaller\PureClean\ZoomEnumUserUtil.cpp(549)::[__HasZoomUnder] Has Zoom:0 for path:*****
[22648:27816 ] [  INFO ] [23:48:48.354] c:\jenkins\workspace\Client\Client\Windows\clean\win-common\src\installer\NoMSIInstaller\PureClean\ZoomEnumUserUtil.cpp(549)::[__HasZoomUnder] Has Zoom:0 for path:*****
[22648:27816 ] [  INFO ] [23:48:48.354] c:\jenkins\workspace\Client\Client\Windows\clean\win-common\src\installer\NoMSIInstaller\PureClean\ZoomEnumUserUtil.cpp(498)::[CUserProfile::DumpMe]
	SID:S-1-5-21-3565037766-4151068233-2738897902-1062
	User_Data:*****
	Has Zoom:0
	AppData path:*****
	AppData Local  path:*****
	Desktop path:*****
	StartMenu path:*****
	Registry loaded:0 is_registry_ready_:NO
[22648:27816 ] [  INFO ] [23:48:48.354] c:\jenkins\workspace\Client\Client\Windows\clean\win-common\src\installer\NoMSIInstaller\PureClean\ZoomEnumUserByWMI.cpp(267)::[EnumUsersSIDByWMI] Add user:S-1-5-21-3565037766-4151068233-2738897902-1061 Profile:C:\Users\u...
[22648:27816 ] [  INFO ] [23:48:48.354] c:\jenkins\workspace\Client\Client\Windows\clean\win-common\src\installer\NoMSIInstaller\PureClean\ZoomEnumUserUtil.cpp(606)::[CUserProfile::IsUserRegistryReady]
	SID:S-1-5-21-3565037766-4151068233-2738897902-1061
	User_Data:*****
	Load User Config Return:1314 Load User Classes Return:1314
	Config Path:*****
	Classes Path:S-1-5-21-3565037766-4151068233-2738897902-1061_Classes
	Error:3
[22648:27816 ] [  INFO ] [23:48:48.354] c:\jenkins\workspace\Client\Client\Windows\clean\win-common\src\installer\NoMSIInstaller\PureClean\ZoomEnumUserUtil.cpp(645)::[CUserProfile::QueryUserPathesFromRegistry] Fail to find registry for user:S-1-5-21-3565037766-4151068233-2738897902-1061
[22648:27816 ] [  INFO ] [23:48:48.354] c:\jenkins\workspace\Client\Client\Windows\clean\win-common\src\installer\NoMSIInstaller\PureClean\ZoomEnumUserUtil.cpp(549)::[__HasZoomUnder] Has Zoom:0 for path:*****
[22648:27816 ] [  INFO ] [23:48:48.356] c:\jenkins\workspace\Client\Client\Windows\clean\win-common\src\installer\NoMSIInstaller\PureClean\ZoomEnumUserUtil.cpp(549)::[__HasZoomUnder] Has Zoom:0 for path:*****
[22648:27816 ] [  INFO ] [23:48:48.356] c:\jenkins\workspace\Client\Client\Windows\clean\win-common\src\installer\NoMSIInstaller\PureClean\ZoomEnumUserUtil.cpp(498)::[CUserProfile::DumpMe]
	SID:S-1-5-21-3565037766-4151068233-2738897902-1061
	User_Data:*****
	Has Zoom:0
	AppData path:*****
	AppData Local  path:*****
	Desktop path:*****
	StartMenu path:*****
	Registry loaded:0 is_registry_ready_:NO
[22648:27816 ] [  INFO ] [23:48:48.356] c:\jenkins\workspace\Client\Client\Windows\clean\win-common\src\installer\NoMSIInstaller\PureClean\ZoomEnumUserByWMI.cpp(267)::[EnumUsersSIDByWMI] Add user:S-1-5-21-3565037766-4151068233-2738897902-1060 Profile:C:\Users\u...
[22648:27816 ] [  INFO ] [23:48:48.356] c:\jenkins\workspace\Client\Client\Windows\clean\win-common\src\installer\NoMSIInstaller\PureClean\ZoomEnumUserUtil.cpp(606)::[CUserProfile::IsUserRegistryReady]
	SID:S-1-5-21-3565037766-4151068233-2738897902-1060
	User_Data:*****
	Load User Config Return:1314 Load User Classes Return:1314
	Config Path:*****
	Classes Path:S-1-5-21-3565037766-4151068233-2738897902-1060_Classes
	Error:3
[22648:27816 ] [  INFO ] [23:48:48.356] c:\jenkins\workspace\Client\Client\Windows\clean\win-common\src\installer\NoMSIInstaller\PureClean\ZoomEnumUserUtil.cpp(645)::[CUserProfile::QueryUserPathesFromRegistry] Fail to find registry for user:S-1-5-21-3565037766-4151068233-2738897902-1060
[22648:27816 ] [  INFO ] [23:48:48.356] c:\jenkins\workspace\Client\Client\Windows\clean\win-common\src\installer\NoMSIInstaller\PureClean\ZoomEnumUserUtil.cpp(549)::[__HasZoomUnder] Has Zoom:0 for path:*****
[22648:27816 ] [  INFO ] [23:48:48.356] c:\jenkins\workspace\Client\Client\Windows\clean\win-common\src\installer\NoMSIInstaller\PureClean\ZoomEnumUserUtil.cpp(549)::[__HasZoomUnder] Has Zoom:0 for path:*****
[22648:27816 ] [  INFO ] [23:48:48.356] c:\jenkins\workspace\Client\Client\Windows\clean\win-common\src\installer\NoMSIInstaller\PureClean\ZoomEnumUserUtil.cpp(498)::[CUserProfile::DumpMe]
	SID:S-1-5-21-3565037766-4151068233-2738897902-1060
	User_Data:*****
	Has Zoom:0
	AppData path:*****
	AppData Local  path:*****
	Desktop path:*****
	StartMenu path:*****
	Registry loaded:0 is_registry_ready_:NO
[22648:27816 ] [  INFO ] [23:48:48.357] c:\jenkins\workspace\Client\Client\Windows\clean\win-common\src\installer\NoMSIInstaller\PureClean\ZoomEnumUserByWMI.cpp(267)::[EnumUsersSIDByWMI] Add user:S-1-5-21-3565037766-4151068233-2738897902-1059 Profile:C:\Users...
[22648:27816 ] [  INFO ] [23:48:48.357] c:\jenkins\workspace\Client\Client\Windows\clean\win-common\src\installer\NoMSIInstaller\PureClean\ZoomEnumUserUtil.cpp(606)::[CUserProfile::IsUserRegistryReady]
	SID:S-1-5-21-3565037766-4151068233-2738897902-1059
	User_Data:*****
	Load User Config Return:1314 Load User Classes Return:1314
	Config Path:*****
	Classes Path:S-1-5-21-3565037766-4151068233-2738897902-1059_Classes
	Error:3
[22648:27816 ] [  INFO ] [23:48:48.357] c:\jenkins\workspace\Client\Client\Windows\clean\win-common\src\installer\NoMSIInstaller\PureClean\ZoomEnumUserUtil.cpp(645)::[CUserProfile::QueryUserPathesFromRegistry] Fail to find registry for user:S-1-5-21-3565037766-4151068233-2738897902-1059
[22648:27816 ] [  INFO ] [23:48:48.357] c:\jenkins\workspace\Client\Client\Windows\clean\win-common\src\installer\NoMSIInstaller\PureClean\ZoomEnumUserUtil.cpp(549)::[__HasZoomUnder] Has Zoom:0 for path:*****
[22648:27816 ] [  INFO ] [23:48:48.357] c:\jenkins\workspace\Client\Client\Windows\clean\win-common\src\installer\NoMSIInstaller\PureClean\ZoomEnumUserUtil.cpp(549)::[__HasZoomUnder] Has Zoom:0 for path:*****
[22648:27816 ] [  INFO ] [23:48:48.357] c:\jenkins\workspace\Client\Client\Windows\clean\win-common\src\installer\NoMSIInstaller\PureClean\ZoomEnumUserUtil.cpp(498)::[CUserProfile::DumpMe]
	SID:S-1-5-21-3565037766-4151068233-2738897902-1059
	User_Data:*****
	Has Zoom:0
	AppData path:*****
	AppData Local  path:*****
	Desktop path:*****
	StartMenu path:*****
	Registry loaded:0 is_registry_ready_:NO
[22648:27816 ] [  INFO ] [23:48:48.357] c:\jenkins\workspace\Client\Client\Windows\clean\win-common\src\installer\NoMSIInstaller\PureClean\ZoomEnumUserByWMI.cpp(267)::[EnumUsersSIDByWMI] Add user:S-1-5-21-3565037766-4151068233-2738897902-1058 Profile:C:\Users...
[22648:27816 ] [  INFO ] [23:48:48.357] c:\jenkins\workspace\Client\Client\Windows\clean\win-common\src\installer\NoMSIInstaller\PureClean\ZoomEnumUserUtil.cpp(606)::[CUserProfile::IsUserRegistryReady]
	SID:S-1-5-21-3565037766-4151068233-2738897902-1058
	User_Data:*****
	Load User Config Return:1314 Load User Classes Return:1314
	Config Path:*****
	Classes Path:S-1-5-21-3565037766-4151068233-2738897902-1058_Classes
	Error:3
[22648:27816 ] [  INFO ] [23:48:48.357] c:\jenkins\workspace\Client\Client\Windows\clean\win-common\src\installer\NoMSIInstaller\PureClean\ZoomEnumUserUtil.cpp(645)::[CUserProfile::QueryUserPathesFromRegistry] Fail to find registry for user:S-1-5-21-3565037766-4151068233-2738897902-1058
[22648:27816 ] [  INFO ] [23:48:48.357] c:\jenkins\workspace\Client\Client\Windows\clean\win-common\src\installer\NoMSIInstaller\PureClean\ZoomEnumUserUtil.cpp(549)::[__HasZoomUnder] Has Zoom:0 for path:*****
[22648:27816 ] [  INFO ] [23:48:48.357] c:\jenkins\workspace\Client\Client\Windows\clean\win-common\src\installer\NoMSIInstaller\PureClean\ZoomEnumUserUtil.cpp(549)::[__HasZoomUnder] Has Zoom:0 for path:*****
[22648:27816 ] [  INFO ] [23:48:48.357] c:\jenkins\workspace\Client\Client\Windows\clean\win-common\src\installer\NoMSIInstaller\PureClean\ZoomEnumUserUtil.cpp(498)::[CUserProfile::DumpMe]
	SID:S-1-5-21-3565037766-4151068233-2738897902-1058
	User_Data:*****
	Has Zoom:0
	AppData path:*****
	AppData Local  path:*****
	Desktop path:*****
	StartMenu path:*****
	Registry loaded:0 is_registry_ready_:NO
[22648:27816 ] [  INFO ] [23:48:48.357] c:\jenkins\workspace\Client\Client\Windows\clean\win-common\src\installer\NoMSIInstaller\PureClean\ZoomEnumUserByWMI.cpp(267)::[EnumUsersSIDByWMI] Add user:S-1-5-21-3565037766-4151068233-2738897902-1057 Profile:C:\User...
[22648:27816 ] [  INFO ] [23:48:48.357] c:\jenkins\workspace\Client\Client\Windows\clean\win-common\src\installer\NoMSIInstaller\PureClean\ZoomEnumUserUtil.cpp(606)::[CUserProfile::IsUserRegistryReady]
	SID:S-1-5-21-3565037766-4151068233-2738897902-1057
	User_Data:*****
	Load User Config Return:1314 Load User Classes Return:1314
	Config Path:*****
	Classes Path:S-1-5-21-3565037766-4151068233-2738897902-1057_Classes
	Error:3
[22648:27816 ] [  INFO ] [23:48:48.357] c:\jenkins\workspace\Client\Client\Windows\clean\win-common\src\installer\NoMSIInstaller\PureClean\ZoomEnumUserUtil.cpp(645)::[CUserProfile::QueryUserPathesFromRegistry] Fail to find registry for user:S-1-5-21-3565037766-4151068233-2738897902-1057
[22648:27816 ] [  INFO ] [23:48:48.357] c:\jenkins\workspace\Client\Client\Windows\clean\win-common\src\installer\NoMSIInstaller\PureClean\ZoomEnumUserUtil.cpp(549)::[__HasZoomUnder] Has Zoom:0 for path:*****
[22648:27816 ] [  INFO ] [23:48:48.357] c:\jenkins\workspace\Client\Client\Windows\clean\win-common\src\installer\NoMSIInstaller\PureClean\ZoomEnumUserUtil.cpp(549)::[__HasZoomUnder] Has Zoom:0 for path:*****
[22648:27816 ] [  INFO ] [23:48:48.357] c:\jenkins\workspace\Client\Client\Windows\clean\win-common\src\installer\NoMSIInstaller\PureClean\ZoomEnumUserUtil.cpp(498)::[CUserProfile::DumpMe]
	SID:S-1-5-21-3565037766-4151068233-2738897902-1057
	User_Data:*****
	Has Zoom:0
	AppData path:*****
	AppData Local  path:*****
	Desktop path:*****
	StartMenu path:*****
	Registry loaded:0 is_registry_ready_:NO
[22648:27816 ] [  INFO ] [23:48:48.359] c:\jenkins\workspace\Client\Client\Windows\clean\win-common\src\installer\NoMSIInstaller\PureClean\ZoomEnumUserByWMI.cpp(267)::[EnumUsersSIDByWMI] Add user:S-1-5-21-3565037766-4151068233-2738897902-1055 Profile:C:\Users...
[22648:27816 ] [  INFO ] [23:48:48.359] c:\jenkins\workspace\Client\Client\Windows\clean\win-common\src\installer\NoMSIInstaller\PureClean\ZoomEnumUserUtil.cpp(606)::[CUserProfile::IsUserRegistryReady]
	SID:S-1-5-21-3565037766-4151068233-2738897902-1055
	User_Data:*****
	Load User Config Return:1314 Load User Classes Return:1314
	Config Path:*****
	Classes Path:S-1-5-21-3565037766-4151068233-2738897902-1055_Classes
	Error:3
[22648:27816 ] [  INFO ] [23:48:48.359] c:\jenkins\workspace\Client\Client\Windows\clean\win-common\src\installer\NoMSIInstaller\PureClean\ZoomEnumUserUtil.cpp(645)::[CUserProfile::QueryUserPathesFromRegistry] Fail to find registry for user:S-1-5-21-3565037766-4151068233-2738897902-1055
[22648:27816 ] [  INFO ] [23:48:48.359] c:\jenkins\workspace\Client\Client\Windows\clean\win-common\src\installer\NoMSIInstaller\PureClean\ZoomEnumUserUtil.cpp(549)::[__HasZoomUnder] Has Zoom:0 for path:*****
[22648:27816 ] [  INFO ] [23:48:48.359] c:\jenkins\workspace\Client\Client\Windows\clean\win-common\src\installer\NoMSIInstaller\PureClean\ZoomEnumUserUtil.cpp(549)::[__HasZoomUnder] Has Zoom:0 for path:*****
[22648:27816 ] [  INFO ] [23:48:48.359] c:\jenkins\workspace\Client\Client\Windows\clean\win-common\src\installer\NoMSIInstaller\PureClean\ZoomEnumUserUtil.cpp(498)::[CUserProfile::DumpMe]
	SID:S-1-5-21-3565037766-4151068233-2738897902-1055
	User_Data:*****
	Has Zoom:0
	AppData path:*****
	AppData Local  path:*****
	Desktop path:*****
	StartMenu path:*****
	Registry loaded:0 is_registry_ready_:NO
[22648:27816 ] [  INFO ] [23:48:48.359] c:\jenkins\workspace\Client\Client\Windows\clean\win-common\src\installer\NoMSIInstaller\PureClean\ZoomEnumUserByWMI.cpp(267)::[EnumUsersSIDByWMI] Add user:S-1-5-21-3565037766-4151068233-2738897902-1054 Profile:C:\Users...
[22648:27816 ] [  INFO ] [23:48:48.359] c:\jenkins\workspace\Client\Client\Windows\clean\win-common\src\installer\NoMSIInstaller\PureClean\ZoomEnumUserUtil.cpp(606)::[CUserProfile::IsUserRegistryReady]
	SID:S-1-5-21-3565037766-4151068233-2738897902-1054
	User_Data:*****
	Load User Config Return:1314 Load User Classes Return:1314
	Config Path:*****
	Classes Path:S-1-5-21-3565037766-4151068233-2738897902-1054_Classes
	Error:3
[22648:27816 ] [  INFO ] [23:48:48.359] c:\jenkins\workspace\Client\Client\Windows\clean\win-common\src\installer\NoMSIInstaller\PureClean\ZoomEnumUserUtil.cpp(645)::[CUserProfile::QueryUserPathesFromRegistry] Fail to find registry for user:S-1-5-21-3565037766-4151068233-2738897902-1054
[22648:27816 ] [  INFO ] [23:48:48.359] c:\jenkins\workspace\Client\Client\Windows\clean\win-common\src\installer\NoMSIInstaller\PureClean\ZoomEnumUserUtil.cpp(549)::[__HasZoomUnder] Has Zoom:0 for path:*****
[22648:27816 ] [  INFO ] [23:48:48.359] c:\jenkins\workspace\Client\Client\Windows\clean\win-common\src\installer\NoMSIInstaller\PureClean\ZoomEnumUserUtil.cpp(549)::[__HasZoomUnder] Has Zoom:0 for path:*****
[22648:27816 ] [  INFO ] [23:48:48.359] c:\jenkins\workspace\Client\Client\Windows\clean\win-common\src\installer\NoMSIInstaller\PureClean\ZoomEnumUserUtil.cpp(498)::[CUserProfile::DumpMe]
	SID:S-1-5-21-3565037766-4151068233-2738897902-1054
	User_Data:*****
	Has Zoom:0
	AppData path:*****
	AppData Local  path:*****
	Desktop path:*****
	StartMenu path:*****
	Registry loaded:0 is_registry_ready_:NO
[22648:27816 ] [  INFO ] [23:48:48.360] c:\jenkins\workspace\Client\Client\Windows\clean\win-common\src\installer\NoMSIInstaller\PureClean\ZoomEnumUserByWMI.cpp(267)::[EnumUsersSIDByWMI] Add user:S-1-5-21-3565037766-4151068233-2738897902-1053 Profile:C:\Users...
[22648:27816 ] [  INFO ] [23:48:48.360] c:\jenkins\workspace\Client\Client\Windows\clean\win-common\src\installer\NoMSIInstaller\PureClean\ZoomEnumUserUtil.cpp(606)::[CUserProfile::IsUserRegistryReady]
	SID:S-1-5-21-3565037766-4151068233-2738897902-1053
	User_Data:*****
	Load User Config Return:1314 Load User Classes Return:1314
	Config Path:*****
	Classes Path:S-1-5-21-3565037766-4151068233-2738897902-1053_Classes
	Error:3
[22648:27816 ] [  INFO ] [23:48:48.360] c:\jenkins\workspace\Client\Client\Windows\clean\win-common\src\installer\NoMSIInstaller\PureClean\ZoomEnumUserUtil.cpp(645)::[CUserProfile::QueryUserPathesFromRegistry] Fail to find registry for user:S-1-5-21-3565037766-4151068233-2738897902-1053
[22648:27816 ] [  INFO ] [23:48:48.360] c:\jenkins\workspace\Client\Client\Windows\clean\win-common\src\installer\NoMSIInstaller\PureClean\ZoomEnumUserUtil.cpp(549)::[__HasZoomUnder] Has Zoom:0 for path:*****
[22648:27816 ] [  INFO ] [23:48:48.360] c:\jenkins\workspace\Client\Client\Windows\clean\win-common\src\installer\NoMSIInstaller\PureClean\ZoomEnumUserUtil.cpp(549)::[__HasZoomUnder] Has Zoom:0 for path:*****
[22648:27816 ] [  INFO ] [23:48:48.360] c:\jenkins\workspace\Client\Client\Windows\clean\win-common\src\installer\NoMSIInstaller\PureClean\ZoomEnumUserUtil.cpp(498)::[CUserProfile::DumpMe]
	SID:S-1-5-21-3565037766-4151068233-2738897902-1053
	User_Data:*****
	Has Zoom:0
	AppData path:*****
	AppData Local  path:*****
	Desktop path:*****
	StartMenu path:*****
	Registry loaded:0 is_registry_ready_:NO
[22648:27816 ] [  INFO ] [23:48:48.360] c:\jenkins\workspace\Client\Client\Windows\clean\win-common\src\installer\NoMSIInstaller\PureClean\ZoomEnumUserByWMI.cpp(267)::[EnumUsersSIDByWMI] Add user:S-1-5-21-3565037766-4151068233-2738897902-1052 Profile:C:\Users...
[22648:27816 ] [  INFO ] [23:48:48.360] c:\jenkins\workspace\Client\Client\Windows\clean\win-common\src\installer\NoMSIInstaller\PureClean\ZoomEnumUserUtil.cpp(606)::[CUserProfile::IsUserRegistryReady]
	SID:S-1-5-21-3565037766-4151068233-2738897902-1052
	User_Data:*****
	Load User Config Return:1314 Load User Classes Return:1314
	Config Path:*****
	Classes Path:S-1-5-21-3565037766-4151068233-2738897902-1052_Classes
	Error:3
[22648:27816 ] [  INFO ] [23:48:48.360] c:\jenkins\workspace\Client\Client\Windows\clean\win-common\src\installer\NoMSIInstaller\PureClean\ZoomEnumUserUtil.cpp(645)::[CUserProfile::QueryUserPathesFromRegistry] Fail to find registry for user:S-1-5-21-3565037766-4151068233-2738897902-1052
[22648:27816 ] [  INFO ] [23:48:48.360] c:\jenkins\workspace\Client\Client\Windows\clean\win-common\src\installer\NoMSIInstaller\PureClean\ZoomEnumUserUtil.cpp(549)::[__HasZoomUnder] Has Zoom:0 for path:*****
[22648:27816 ] [  INFO ] [23:48:48.360] c:\jenkins\workspace\Client\Client\Windows\clean\win-common\src\installer\NoMSIInstaller\PureClean\ZoomEnumUserUtil.cpp(549)::[__HasZoomUnder] Has Zoom:0 for path:*****
[22648:27816 ] [  INFO ] [23:48:48.360] c:\jenkins\workspace\Client\Client\Windows\clean\win-common\src\installer\NoMSIInstaller\PureClean\ZoomEnumUserUtil.cpp(498)::[CUserProfile::DumpMe]
	SID:S-1-5-21-3565037766-4151068233-2738897902-1052
	User_Data:*****
	Has Zoom:0
	AppData path:*****
	AppData Local  path:*****
	Desktop path:*****
	StartMenu path:*****
	Registry loaded:0 is_registry_ready_:NO
[22648:27816 ] [  INFO ] [23:48:48.360] c:\jenkins\workspace\Client\Client\Windows\clean\win-common\src\installer\NoMSIInstaller\PureClean\ZoomEnumUserByWMI.cpp(267)::[EnumUsersSIDByWMI] Add user:S-1-5-21-3565037766-4151068233-2738897902-1051 Profile:C:\Users...
[22648:27816 ] [  INFO ] [23:48:48.362] c:\jenkins\workspace\Client\Client\Windows\clean\win-common\src\installer\NoMSIInstaller\PureClean\ZoomEnumUserUtil.cpp(606)::[CUserProfile::IsUserRegistryReady]
	SID:S-1-5-21-3565037766-4151068233-2738897902-1051
	User_Data:*****
	Load User Config Return:1314 Load User Classes Return:1314
	Config Path:*****
	Classes Path:S-1-5-21-3565037766-4151068233-2738897902-1051_Classes
	Error:3
[22648:27816 ] [  INFO ] [23:48:48.362] c:\jenkins\workspace\Client\Client\Windows\clean\win-common\src\installer\NoMSIInstaller\PureClean\ZoomEnumUserUtil.cpp(645)::[CUserProfile::QueryUserPathesFromRegistry] Fail to find registry for user:S-1-5-21-3565037766-4151068233-2738897902-1051
[22648:27816 ] [  INFO ] [23:48:48.362] c:\jenkins\workspace\Client\Client\Windows\clean\win-common\src\installer\NoMSIInstaller\PureClean\ZoomEnumUserUtil.cpp(549)::[__HasZoomUnder] Has Zoom:0 for path:*****
[22648:27816 ] [  INFO ] [23:48:48.362] c:\jenkins\workspace\Client\Client\Windows\clean\win-common\src\installer\NoMSIInstaller\PureClean\ZoomEnumUserUtil.cpp(549)::[__HasZoomUnder] Has Zoom:0 for path:*****
[22648:27816 ] [  INFO ] [23:48:48.362] c:\jenkins\workspace\Client\Client\Windows\clean\win-common\src\installer\NoMSIInstaller\PureClean\ZoomEnumUserUtil.cpp(498)::[CUserProfile::DumpMe]
	SID:S-1-5-21-3565037766-4151068233-2738897902-1051
	User_Data:*****
	Has Zoom:0
	AppData path:*****
	AppData Local  path:*****
	Desktop path:*****
	StartMenu path:*****
	Registry loaded:0 is_registry_ready_:NO
[22648:27816 ] [  INFO ] [23:48:48.362] c:\jenkins\workspace\Client\Client\Windows\clean\win-common\src\installer\NoMSIInstaller\PureClean\ZoomEnumUserByWMI.cpp(267)::[EnumUsersSIDByWMI] Add user:S-1-5-21-3565037766-4151068233-2738897902-1049 Profile:C:\Users...
[22648:27816 ] [  INFO ] [23:48:48.362] c:\jenkins\workspace\Client\Client\Windows\clean\win-common\src\installer\NoMSIInstaller\PureClean\ZoomEnumUserUtil.cpp(606)::[CUserProfile::IsUserRegistryReady]
	SID:S-1-5-21-3565037766-4151068233-2738897902-1049
	User_Data:*****
	Load User Config Return:1314 Load User Classes Return:1314
	Config Path:*****
	Classes Path:S-1-5-21-3565037766-4151068233-2738897902-1049_Classes
	Error:3
[22648:27816 ] [  INFO ] [23:48:48.362] c:\jenkins\workspace\Client\Client\Windows\clean\win-common\src\installer\NoMSIInstaller\PureClean\ZoomEnumUserUtil.cpp(645)::[CUserProfile::QueryUserPathesFromRegistry] Fail to find registry for user:S-1-5-21-3565037766-4151068233-2738897902-1049
[22648:27816 ] [  INFO ] [23:48:48.363] c:\jenkins\workspace\Client\Client\Windows\clean\win-common\src\installer\NoMSIInstaller\PureClean\ZoomEnumUserUtil.cpp(549)::[__HasZoomUnder] Has Zoom:0 for path:*****
[22648:27816 ] [  INFO ] [23:48:48.363] c:\jenkins\workspace\Client\Client\Windows\clean\win-common\src\installer\NoMSIInstaller\PureClean\ZoomEnumUserUtil.cpp(549)::[__HasZoomUnder] Has Zoom:0 for path:*****
[22648:27816 ] [  INFO ] [23:48:48.363] c:\jenkins\workspace\Client\Client\Windows\clean\win-common\src\installer\NoMSIInstaller\PureClean\ZoomEnumUserUtil.cpp(498)::[CUserProfile::DumpMe]
	SID:S-1-5-21-3565037766-4151068233-2738897902-1049
	User_Data:*****
	Has Zoom:0
	AppData path:*****
	AppData Local  path:*****
	Desktop path:*****
	StartMenu path:*****
	Registry loaded:0 is_registry_ready_:NO
[22648:27816 ] [  INFO ] [23:48:48.363] c:\jenkins\workspace\Client\Client\Windows\clean\win-common\src\installer\NoMSIInstaller\PureClean\ZoomEnumUserByWMI.cpp(267)::[EnumUsersSIDByWMI] Add user:S-1-5-21-3565037766-4151068233-2738897902-1048 Profile:C:\Users...
[22648:27816 ] [  INFO ] [23:48:48.363] c:\jenkins\workspace\Client\Client\Windows\clean\win-common\src\installer\NoMSIInstaller\PureClean\ZoomEnumUserUtil.cpp(606)::[CUserProfile::IsUserRegistryReady]
	SID:S-1-5-21-3565037766-4151068233-2738897902-1048
	User_Data:*****
	Load User Config Return:1314 Load User Classes Return:1314
	Config Path:*****
	Classes Path:S-1-5-21-3565037766-4151068233-2738897902-1048_Classes
	Error:3
[22648:27816 ] [  INFO ] [23:48:48.363] c:\jenkins\workspace\Client\Client\Windows\clean\win-common\src\installer\NoMSIInstaller\PureClean\ZoomEnumUserUtil.cpp(645)::[CUserProfile::QueryUserPathesFromRegistry] Fail to find registry for user:S-1-5-21-3565037766-4151068233-2738897902-1048
[22648:27816 ] [  INFO ] [23:48:48.363] c:\jenkins\workspace\Client\Client\Windows\clean\win-common\src\installer\NoMSIInstaller\PureClean\ZoomEnumUserUtil.cpp(549)::[__HasZoomUnder] Has Zoom:0 for path:*****
[22648:27816 ] [  INFO ] [23:48:48.363] c:\jenkins\workspace\Client\Client\Windows\clean\win-common\src\installer\NoMSIInstaller\PureClean\ZoomEnumUserUtil.cpp(549)::[__HasZoomUnder] Has Zoom:0 for path:*****
[22648:27816 ] [  INFO ] [23:48:48.363] c:\jenkins\workspace\Client\Client\Windows\clean\win-common\src\installer\NoMSIInstaller\PureClean\ZoomEnumUserUtil.cpp(498)::[CUserProfile::DumpMe]
	SID:S-1-5-21-3565037766-4151068233-2738897902-1048
	User_Data:*****
	Has Zoom:0
	AppData path:*****
	AppData Local  path:*****
	Desktop path:*****
	StartMenu path:*****
	Registry loaded:0 is_registry_ready_:NO
[22648:27816 ] [  INFO ] [23:48:48.363] c:\jenkins\workspace\Client\Client\Windows\clean\win-common\src\installer\NoMSIInstaller\PureClean\ZoomEnumUserByWMI.cpp(267)::[EnumUsersSIDByWMI] Add user:S-1-5-21-3565037766-4151068233-2738897902-1047 Profile:C:\Users\u...
[22648:27816 ] [  INFO ] [23:48:48.363] c:\jenkins\workspace\Client\Client\Windows\clean\win-common\src\installer\NoMSIInstaller\PureClean\ZoomEnumUserUtil.cpp(606)::[CUserProfile::IsUserRegistryReady]
	SID:S-1-5-21-3565037766-4151068233-2738897902-1047
	User_Data:*****
	Load User Config Return:1314 Load User Classes Return:1314
	Config Path:*****
	Classes Path:S-1-5-21-3565037766-4151068233-2738897902-1047_Classes
	Error:3
[22648:27816 ] [  INFO ] [23:48:48.363] c:\jenkins\workspace\Client\Client\Windows\clean\win-common\src\installer\NoMSIInstaller\PureClean\ZoomEnumUserUtil.cpp(645)::[CUserProfile::QueryUserPathesFromRegistry] Fail to find registry for user:S-1-5-21-3565037766-4151068233-2738897902-1047
[22648:27816 ] [  INFO ] [23:48:48.364] c:\jenkins\workspace\Client\Client\Windows\clean\win-common\src\installer\NoMSIInstaller\PureClean\ZoomEnumUserUtil.cpp(549)::[__HasZoomUnder] Has Zoom:0 for path:*****
[22648:27816 ] [  INFO ] [23:48:48.364] c:\jenkins\workspace\Client\Client\Windows\clean\win-common\src\installer\NoMSIInstaller\PureClean\ZoomEnumUserUtil.cpp(549)::[__HasZoomUnder] Has Zoom:0 for path:*****
[22648:27816 ] [  INFO ] [23:48:48.364] c:\jenkins\workspace\Client\Client\Windows\clean\win-common\src\installer\NoMSIInstaller\PureClean\ZoomEnumUserUtil.cpp(498)::[CUserProfile::DumpMe]
	SID:S-1-5-21-3565037766-4151068233-2738897902-1047
	User_Data:*****
	Has Zoom:0
	AppData path:*****
	AppData Local  path:*****
	Desktop path:*****
	StartMenu path:*****
	Registry loaded:0 is_registry_ready_:NO
[22648:27816 ] [  INFO ] [23:48:48.364] c:\jenkins\workspace\Client\Client\Windows\clean\win-common\src\installer\NoMSIInstaller\PureClean\ZoomEnumUserByWMI.cpp(267)::[EnumUsersSIDByWMI] Add user:S-1-5-21-3565037766-4151068233-2738897902-1046 Profile:C:\Users...
[22648:27816 ] [  INFO ] [23:48:48.364] c:\jenkins\workspace\Client\Client\Windows\clean\win-common\src\installer\NoMSIInstaller\PureClean\ZoomEnumUserUtil.cpp(606)::[CUserProfile::IsUserRegistryReady]
	SID:S-1-5-21-3565037766-4151068233-2738897902-1046
	User_Data:*****
	Load User Config Return:1314 Load User Classes Return:1314
	Config Path:*****
	Classes Path:S-1-5-21-3565037766-4151068233-2738897902-1046_Classes
	Error:3
[22648:27816 ] [  INFO ] [23:48:48.364] c:\jenkins\workspace\Client\Client\Windows\clean\win-common\src\installer\NoMSIInstaller\PureClean\ZoomEnumUserUtil.cpp(645)::[CUserProfile::QueryUserPathesFromRegistry] Fail to find registry for user:S-1-5-21-3565037766-4151068233-2738897902-1046
[22648:27816 ] [  INFO ] [23:48:48.364] c:\jenkins\workspace\Client\Client\Windows\clean\win-common\src\installer\NoMSIInstaller\PureClean\ZoomEnumUserUtil.cpp(549)::[__HasZoomUnder] Has Zoom:0 for path:*****
[22648:27816 ] [  INFO ] [23:48:48.364] c:\jenkins\workspace\Client\Client\Windows\clean\win-common\src\installer\NoMSIInstaller\PureClean\ZoomEnumUserUtil.cpp(549)::[__HasZoomUnder] Has Zoom:0 for path:*****
[22648:27816 ] [  INFO ] [23:48:48.364] c:\jenkins\workspace\Client\Client\Windows\clean\win-common\src\installer\NoMSIInstaller\PureClean\ZoomEnumUserUtil.cpp(498)::[CUserProfile::DumpMe]
	SID:S-1-5-21-3565037766-4151068233-2738897902-1046
	User_Data:*****
	Has Zoom:0
	AppData path:*****
	AppData Local  path:*****
	Desktop path:*****
	StartMenu path:*****
	Registry loaded:0 is_registry_ready_:NO
[22648:27816 ] [  INFO ] [23:48:48.364] c:\jenkins\workspace\Client\Client\Windows\clean\win-common\src\installer\NoMSIInstaller\PureClean\ZoomEnumUserByWMI.cpp(267)::[EnumUsersSIDByWMI] Add user:S-1-5-21-3565037766-4151068233-2738897902-1045 Profile:C:\Users...
[22648:27816 ] [  INFO ] [23:48:48.364] c:\jenkins\workspace\Client\Client\Windows\clean\win-common\src\installer\NoMSIInstaller\PureClean\ZoomEnumUserUtil.cpp(606)::[CUserProfile::IsUserRegistryReady]
	SID:S-1-5-21-3565037766-4151068233-2738897902-1045
	User_Data:*****
	Load User Config Return:1314 Load User Classes Return:1314
	Config Path:*****
	Classes Path:S-1-5-21-3565037766-4151068233-2738897902-1045_Classes
	Error:3
[22648:27816 ] [  INFO ] [23:48:48.364] c:\jenkins\workspace\Client\Client\Windows\clean\win-common\src\installer\NoMSIInstaller\PureClean\ZoomEnumUserUtil.cpp(645)::[CUserProfile::QueryUserPathesFromRegistry] Fail to find registry for user:S-1-5-21-3565037766-4151068233-2738897902-1045
[22648:27816 ] [  INFO ] [23:48:48.366] c:\jenkins\workspace\Client\Client\Windows\clean\win-common\src\installer\NoMSIInstaller\PureClean\ZoomEnumUserUtil.cpp(549)::[__HasZoomUnder] Has Zoom:0 for path:*****
[22648:27816 ] [  INFO ] [23:48:48.366] c:\jenkins\workspace\Client\Client\Windows\clean\win-common\src\installer\NoMSIInstaller\PureClean\ZoomEnumUserUtil.cpp(549)::[__HasZoomUnder] Has Zoom:0 for path:*****
[22648:27816 ] [  INFO ] [23:48:48.366] c:\jenkins\workspace\Client\Client\Windows\clean\win-common\src\installer\NoMSIInstaller\PureClean\ZoomEnumUserUtil.cpp(498)::[CUserProfile::DumpMe]
	SID:S-1-5-21-3565037766-4151068233-2738897902-1045
	User_Data:*****
	Has Zoom:0
	AppData path:*****
	AppData Local  path:*****
	Desktop path:*****
	StartMenu path:*****
	Registry loaded:0 is_registry_ready_:NO
[22648:27816 ] [  INFO ] [23:48:48.366] c:\jenkins\workspace\Client\Client\Windows\clean\win-common\src\installer\NoMSIInstaller\PureClean\ZoomEnumUserByWMI.cpp(267)::[EnumUsersSIDByWMI] Add user:S-1-5-21-3565037766-4151068233-2738897902-1044 Profile:C:\Users\...
[22648:27816 ] [  INFO ] [23:48:48.366] c:\jenkins\workspace\Client\Client\Windows\clean\win-common\src\installer\NoMSIInstaller\PureClean\ZoomEnumUserUtil.cpp(606)::[CUserProfile::IsUserRegistryReady]
	SID:S-1-5-21-3565037766-4151068233-2738897902-1044
	User_Data:*****
	Load User Config Return:1314 Load User Classes Return:1314
	Config Path:*****
	Classes Path:S-1-5-21-3565037766-4151068233-2738897902-1044_Classes
	Error:3
[22648:27816 ] [  INFO ] [23:48:48.366] c:\jenkins\workspace\Client\Client\Windows\clean\win-common\src\installer\NoMSIInstaller\PureClean\ZoomEnumUserUtil.cpp(645)::[CUserProfile::QueryUserPathesFromRegistry] Fail to find registry for user:S-1-5-21-3565037766-4151068233-2738897902-1044
[22648:27816 ] [  INFO ] [23:48:48.366] c:\jenkins\workspace\Client\Client\Windows\clean\win-common\src\installer\NoMSIInstaller\PureClean\ZoomEnumUserUtil.cpp(549)::[__HasZoomUnder] Has Zoom:0 for path:*****
[22648:27816 ] [  INFO ] [23:48:48.366] c:\jenkins\workspace\Client\Client\Windows\clean\win-common\src\installer\NoMSIInstaller\PureClean\ZoomEnumUserUtil.cpp(549)::[__HasZoomUnder] Has Zoom:0 for path:*****
[22648:27816 ] [  INFO ] [23:48:48.366] c:\jenkins\workspace\Client\Client\Windows\clean\win-common\src\installer\NoMSIInstaller\PureClean\ZoomEnumUserUtil.cpp(498)::[CUserProfile::DumpMe]
	SID:S-1-5-21-3565037766-4151068233-2738897902-1044
	User_Data:*****
	Has Zoom:0
	AppData path:*****
	AppData Local  path:*****
	Desktop path:*****
	StartMenu path:*****
	Registry loaded:0 is_registry_ready_:NO
[22648:27816 ] [  INFO ] [23:48:48.367] c:\jenkins\workspace\Client\Client\Windows\clean\win-common\src\installer\NoMSIInstaller\PureClean\ZoomEnumUserByWMI.cpp(267)::[EnumUsersSIDByWMI] Add user:S-1-5-21-3565037766-4151068233-2738897902-1043 Profile:C:\Users\...
[22648:27816 ] [  INFO ] [23:48:48.367] c:\jenkins\workspace\Client\Client\Windows\clean\win-common\src\installer\NoMSIInstaller\PureClean\ZoomEnumUserUtil.cpp(606)::[CUserProfile::IsUserRegistryReady]
	SID:S-1-5-21-3565037766-4151068233-2738897902-1043
	User_Data:*****
	Load User Config Return:1314 Load User Classes Return:1314
	Config Path:*****
	Classes Path:S-1-5-21-3565037766-4151068233-2738897902-1043_Classes
	Error:3
[22648:27816 ] [  INFO ] [23:48:48.367] c:\jenkins\workspace\Client\Client\Windows\clean\win-common\src\installer\NoMSIInstaller\PureClean\ZoomEnumUserUtil.cpp(645)::[CUserProfile::QueryUserPathesFromRegistry] Fail to find registry for user:S-1-5-21-3565037766-4151068233-2738897902-1043
[22648:27816 ] [  INFO ] [23:48:48.367] c:\jenkins\workspace\Client\Client\Windows\clean\win-common\src\installer\NoMSIInstaller\PureClean\ZoomEnumUserUtil.cpp(549)::[__HasZoomUnder] Has Zoom:0 for path:*****
[22648:27816 ] [  INFO ] [23:48:48.367] c:\jenkins\workspace\Client\Client\Windows\clean\win-common\src\installer\NoMSIInstaller\PureClean\ZoomEnumUserUtil.cpp(549)::[__HasZoomUnder] Has Zoom:0 for path:*****
[22648:27816 ] [  INFO ] [23:48:48.367] c:\jenkins\workspace\Client\Client\Windows\clean\win-common\src\installer\NoMSIInstaller\PureClean\ZoomEnumUserUtil.cpp(498)::[CUserProfile::DumpMe]
	SID:S-1-5-21-3565037766-4151068233-2738897902-1043
	User_Data:*****
	Has Zoom:0
	AppData path:*****
	AppData Local  path:*****
	Desktop path:*****
	StartMenu path:*****
	Registry loaded:0 is_registry_ready_:NO
[22648:27816 ] [  INFO ] [23:48:48.367] c:\jenkins\workspace\Client\Client\Windows\clean\win-common\src\installer\NoMSIInstaller\PureClean\ZoomEnumUserByWMI.cpp(267)::[EnumUsersSIDByWMI] Add user:S-1-5-21-3565037766-4151068233-2738897902-1042 Profile:C:\User...
[22648:27816 ] [  INFO ] [23:48:48.367] c:\jenkins\workspace\Client\Client\Windows\clean\win-common\src\installer\NoMSIInstaller\PureClean\ZoomEnumUserUtil.cpp(606)::[CUserProfile::IsUserRegistryReady]
	SID:S-1-5-21-3565037766-4151068233-2738897902-1042
	User_Data:*****
	Load User Config Return:1314 Load User Classes Return:1314
	Config Path:*****
	Classes Path:S-1-5-21-3565037766-4151068233-2738897902-1042_Classes
	Error:3
[22648:27816 ] [  INFO ] [23:48:48.367] c:\jenkins\workspace\Client\Client\Windows\clean\win-common\src\installer\NoMSIInstaller\PureClean\ZoomEnumUserUtil.cpp(645)::[CUserProfile::QueryUserPathesFromRegistry] Fail to find registry for user:S-1-5-21-3565037766-4151068233-2738897902-1042
[22648:27816 ] [  INFO ] [23:48:48.367] c:\jenkins\workspace\Client\Client\Windows\clean\win-common\src\installer\NoMSIInstaller\PureClean\ZoomEnumUserUtil.cpp(549)::[__HasZoomUnder] Has Zoom:0 for path:*****
[22648:27816 ] [  INFO ] [23:48:48.367] c:\jenkins\workspace\Client\Client\Windows\clean\win-common\src\installer\NoMSIInstaller\PureClean\ZoomEnumUserUtil.cpp(549)::[__HasZoomUnder] Has Zoom:0 for path:*****
[22648:27816 ] [  INFO ] [23:48:48.367] c:\jenkins\workspace\Client\Client\Windows\clean\win-common\src\installer\NoMSIInstaller\PureClean\ZoomEnumUserUtil.cpp(498)::[CUserProfile::DumpMe]
	SID:S-1-5-21-3565037766-4151068233-2738897902-1042
	User_Data:*****
	Has Zoom:0
	AppData path:*****
	AppData Local  path:*****
	Desktop path:*****
	StartMenu path:*****
	Registry loaded:0 is_registry_ready_:NO
[22648:27816 ] [  INFO ] [23:48:48.368] c:\jenkins\workspace\Client\Client\Windows\clean\win-common\src\installer\NoMSIInstaller\PureClean\ZoomEnumUserByWMI.cpp(267)::[EnumUsersSIDByWMI] Add user:S-1-5-21-3565037766-4151068233-2738897902-1040 Profile:C:\User...
[22648:27816 ] [  INFO ] [23:48:48.368] c:\jenkins\workspace\Client\Client\Windows\clean\win-common\src\installer\NoMSIInstaller\PureClean\ZoomEnumUserUtil.cpp(606)::[CUserProfile::IsUserRegistryReady]
	SID:S-1-5-21-3565037766-4151068233-2738897902-1040
	User_Data:*****
	Load User Config Return:1314 Load User Classes Return:1314
	Config Path:*****
	Classes Path:S-1-5-21-3565037766-4151068233-2738897902-1040_Classes
	Error:3
[22648:27816 ] [  INFO ] [23:48:48.368] c:\jenkins\workspace\Client\Client\Windows\clean\win-common\src\installer\NoMSIInstaller\PureClean\ZoomEnumUserUtil.cpp(645)::[CUserProfile::QueryUserPathesFromRegistry] Fail to find registry for user:S-1-5-21-3565037766-4151068233-2738897902-1040
[22648:27816 ] [  INFO ] [23:48:48.368] c:\jenkins\workspace\Client\Client\Windows\clean\win-common\src\installer\NoMSIInstaller\PureClean\ZoomEnumUserUtil.cpp(549)::[__HasZoomUnder] Has Zoom:0 for path:*****
[22648:27816 ] [  INFO ] [23:48:48.369] c:\jenkins\workspace\Client\Client\Windows\clean\win-common\src\installer\NoMSIInstaller\PureClean\ZoomEnumUserUtil.cpp(549)::[__HasZoomUnder] Has Zoom:0 for path:*****
[22648:27816 ] [  INFO ] [23:48:48.369] c:\jenkins\workspace\Client\Client\Windows\clean\win-common\src\installer\NoMSIInstaller\PureClean\ZoomEnumUserUtil.cpp(498)::[CUserProfile::DumpMe]
	SID:S-1-5-21-3565037766-4151068233-2738897902-1040
	User_Data:*****
	Has Zoom:0
	AppData path:*****
	AppData Local  path:*****
	Desktop path:*****
	StartMenu path:*****
	Registry loaded:0 is_registry_ready_:NO
[22648:27816 ] [  INFO ] [23:48:48.369] c:\jenkins\workspace\Client\Client\Windows\clean\win-common\src\installer\NoMSIInstaller\PureClean\ZoomEnumUserByWMI.cpp(267)::[EnumUsersSIDByWMI] Add user:S-1-5-21-3565037766-4151068233-2738897902-1039 Profile:C:\User...
[22648:27816 ] [  INFO ] [23:48:48.369] c:\jenkins\workspace\Client\Client\Windows\clean\win-common\src\installer\NoMSIInstaller\PureClean\ZoomEnumUserUtil.cpp(606)::[CUserProfile::IsUserRegistryReady]
	SID:S-1-5-21-3565037766-4151068233-2738897902-1039
	User_Data:*****
	Load User Config Return:1314 Load User Classes Return:1314
	Config Path:*****
	Classes Path:S-1-5-21-3565037766-4151068233-2738897902-1039_Classes
	Error:3
[22648:27816 ] [  INFO ] [23:48:48.369] c:\jenkins\workspace\Client\Client\Windows\clean\win-common\src\installer\NoMSIInstaller\PureClean\ZoomEnumUserUtil.cpp(645)::[CUserProfile::QueryUserPathesFromRegistry] Fail to find registry for user:S-1-5-21-3565037766-4151068233-2738897902-1039
[22648:27816 ] [  INFO ] [23:48:48.369] c:\jenkins\workspace\Client\Client\Windows\clean\win-common\src\installer\NoMSIInstaller\PureClean\ZoomEnumUserUtil.cpp(549)::[__HasZoomUnder] Has Zoom:0 for path:*****
[22648:27816 ] [  INFO ] [23:48:48.369] c:\jenkins\workspace\Client\Client\Windows\clean\win-common\src\installer\NoMSIInstaller\PureClean\ZoomEnumUserUtil.cpp(549)::[__HasZoomUnder] Has Zoom:0 for path:*****
[22648:27816 ] [  INFO ] [23:48:48.369] c:\jenkins\workspace\Client\Client\Windows\clean\win-common\src\installer\NoMSIInstaller\PureClean\ZoomEnumUserUtil.cpp(498)::[CUserProfile::DumpMe]
	SID:S-1-5-21-3565037766-4151068233-2738897902-1039
	User_Data:*****
	Has Zoom:0
	AppData path:*****
	AppData Local  path:*****
	Desktop path:*****
	StartMenu path:*****
	Registry loaded:0 is_registry_ready_:NO
[22648:27816 ] [  INFO ] [23:48:48.369] c:\jenkins\workspace\Client\Client\Windows\clean\win-common\src\installer\NoMSIInstaller\PureClean\ZoomEnumUserByWMI.cpp(267)::[EnumUsersSIDByWMI] Add user:S-1-5-21-3565037766-4151068233-2738897902-1038 Profile:C:\User...
[22648:27816 ] [  INFO ] [23:48:48.369] c:\jenkins\workspace\Client\Client\Windows\clean\win-common\src\installer\NoMSIInstaller\PureClean\ZoomEnumUserUtil.cpp(606)::[CUserProfile::IsUserRegistryReady]
	SID:S-1-5-21-3565037766-4151068233-2738897902-1038
	User_Data:*****
	Load User Config Return:1314 Load User Classes Return:1314
	Config Path:*****
	Classes Path:S-1-5-21-3565037766-4151068233-2738897902-1038_Classes
	Error:3
[22648:27816 ] [  INFO ] [23:48:48.369] c:\jenkins\workspace\Client\Client\Windows\clean\win-common\src\installer\NoMSIInstaller\PureClean\ZoomEnumUserUtil.cpp(645)::[CUserProfile::QueryUserPathesFromRegistry] Fail to find registry for user:S-1-5-21-3565037766-4151068233-2738897902-1038
[22648:27816 ] [  INFO ] [23:48:48.369] c:\jenkins\workspace\Client\Client\Windows\clean\win-common\src\installer\NoMSIInstaller\PureClean\ZoomEnumUserUtil.cpp(549)::[__HasZoomUnder] Has Zoom:0 for path:*****
[22648:27816 ] [  INFO ] [23:48:48.369] c:\jenkins\workspace\Client\Client\Windows\clean\win-common\src\installer\NoMSIInstaller\PureClean\ZoomEnumUserUtil.cpp(549)::[__HasZoomUnder] Has Zoom:0 for path:*****
[22648:27816 ] [  INFO ] [23:48:48.369] c:\jenkins\workspace\Client\Client\Windows\clean\win-common\src\installer\NoMSIInstaller\PureClean\ZoomEnumUserUtil.cpp(498)::[CUserProfile::DumpMe]
	SID:S-1-5-21-3565037766-4151068233-2738897902-1038
	User_Data:*****
	Has Zoom:0
	AppData path:*****
	AppData Local  path:*****
	Desktop path:*****
	StartMenu path:*****
	Registry loaded:0 is_registry_ready_:NO
[22648:27816 ] [  INFO ] [23:48:48.369] c:\jenkins\workspace\Client\Client\Windows\clean\win-common\src\installer\NoMSIInstaller\PureClean\ZoomEnumUserByWMI.cpp(267)::[EnumUsersSIDByWMI] Add user:S-1-5-21-3565037766-4151068233-2738897902-1037 Profile:C:\User...
[22648:27816 ] [  INFO ] [23:48:48.371] c:\jenkins\workspace\Client\Client\Windows\clean\win-common\src\installer\NoMSIInstaller\PureClean\ZoomEnumUserUtil.cpp(606)::[CUserProfile::IsUserRegistryReady]
	SID:S-1-5-21-3565037766-4151068233-2738897902-1037
	User_Data:*****
	Load User Config Return:1314 Load User Classes Return:1314
	Config Path:*****
	Classes Path:S-1-5-21-3565037766-4151068233-2738897902-1037_Classes
	Error:3
[22648:27816 ] [  INFO ] [23:48:48.371] c:\jenkins\workspace\Client\Client\Windows\clean\win-common\src\installer\NoMSIInstaller\PureClean\ZoomEnumUserUtil.cpp(645)::[CUserProfile::QueryUserPathesFromRegistry] Fail to find registry for user:S-1-5-21-3565037766-4151068233-2738897902-1037
[22648:27816 ] [  INFO ] [23:48:48.371] c:\jenkins\workspace\Client\Client\Windows\clean\win-common\src\installer\NoMSIInstaller\PureClean\ZoomEnumUserUtil.cpp(549)::[__HasZoomUnder] Has Zoom:0 for path:*****
[22648:27816 ] [  INFO ] [23:48:48.371] c:\jenkins\workspace\Client\Client\Windows\clean\win-common\src\installer\NoMSIInstaller\PureClean\ZoomEnumUserUtil.cpp(549)::[__HasZoomUnder] Has Zoom:0 for path:*****
[22648:27816 ] [  INFO ] [23:48:48.371] c:\jenkins\workspace\Client\Client\Windows\clean\win-common\src\installer\NoMSIInstaller\PureClean\ZoomEnumUserUtil.cpp(498)::[CUserProfile::DumpMe]
	SID:S-1-5-21-3565037766-4151068233-2738897902-1037
	User_Data:*****
	Has Zoom:0
	AppData path:*****
	AppData Local  path:*****
	Desktop path:*****
	StartMenu path:*****
	Registry loaded:0 is_registry_ready_:NO
[22648:27816 ] [  INFO ] [23:48:48.371] c:\jenkins\workspace\Client\Client\Windows\clean\win-common\src\installer\NoMSIInstaller\PureClean\ZoomEnumUserByWMI.cpp(267)::[EnumUsersSIDByWMI] Add user:S-1-5-21-3565037766-4151068233-2738897902-1035 Profile:C:\User...
[22648:27816 ] [  INFO ] [23:48:48.371] c:\jenkins\workspace\Client\Client\Windows\clean\win-common\src\installer\NoMSIInstaller\PureClean\ZoomEnumUserUtil.cpp(606)::[CUserProfile::IsUserRegistryReady]
	SID:S-1-5-21-3565037766-4151068233-2738897902-1035
	User_Data:*****
	Load User Config Return:1314 Load User Classes Return:1314
	Config Path:*****
	Classes Path:S-1-5-21-3565037766-4151068233-2738897902-1035_Classes
	Error:3
[22648:27816 ] [  INFO ] [23:48:48.371] c:\jenkins\workspace\Client\Client\Windows\clean\win-common\src\installer\NoMSIInstaller\PureClean\ZoomEnumUserUtil.cpp(645)::[CUserProfile::QueryUserPathesFromRegistry] Fail to find registry for user:S-1-5-21-3565037766-4151068233-2738897902-1035
[22648:27816 ] [  INFO ] [23:48:48.371] c:\jenkins\workspace\Client\Client\Windows\clean\win-common\src\installer\NoMSIInstaller\PureClean\ZoomEnumUserUtil.cpp(549)::[__HasZoomUnder] Has Zoom:0 for path:*****
[22648:27816 ] [  INFO ] [23:48:48.371] c:\jenkins\workspace\Client\Client\Windows\clean\win-common\src\installer\NoMSIInstaller\PureClean\ZoomEnumUserUtil.cpp(549)::[__HasZoomUnder] Has Zoom:0 for path:*****
[22648:27816 ] [  INFO ] [23:48:48.371] c:\jenkins\workspace\Client\Client\Windows\clean\win-common\src\installer\NoMSIInstaller\PureClean\ZoomEnumUserUtil.cpp(498)::[CUserProfile::DumpMe]
	SID:S-1-5-21-3565037766-4151068233-2738897902-1035
	User_Data:*****
	Has Zoom:0
	AppData path:*****
	AppData Local  path:*****
	Desktop path:*****
	StartMenu path:*****
	Registry loaded:0 is_registry_ready_:NO
[22648:27816 ] [  INFO ] [23:48:48.371] c:\jenkins\workspace\Client\Client\Windows\clean\win-common\src\installer\NoMSIInstaller\PureClean\ZoomEnumUserByWMI.cpp(267)::[EnumUsersSIDByWMI] Add user:S-1-5-21-3565037766-4151068233-2738897902-1034 Profile:C:\User...
[22648:27816 ] [  INFO ] [23:48:48.372] c:\jenkins\workspace\Client\Client\Windows\clean\win-common\src\installer\NoMSIInstaller\PureClean\ZoomEnumUserUtil.cpp(606)::[CUserProfile::IsUserRegistryReady]
	SID:S-1-5-21-3565037766-4151068233-2738897902-1034
	User_Data:*****
	Load User Config Return:1314 Load User Classes Return:1314
	Config Path:*****
	Classes Path:S-1-5-21-3565037766-4151068233-2738897902-1034_Classes
	Error:3
[22648:27816 ] [  INFO ] [23:48:48.372] c:\jenkins\workspace\Client\Client\Windows\clean\win-common\src\installer\NoMSIInstaller\PureClean\ZoomEnumUserUtil.cpp(645)::[CUserProfile::QueryUserPathesFromRegistry] Fail to find registry for user:S-1-5-21-3565037766-4151068233-2738897902-1034
[22648:27816 ] [  INFO ] [23:48:48.372] c:\jenkins\workspace\Client\Client\Windows\clean\win-common\src\installer\NoMSIInstaller\PureClean\ZoomEnumUserUtil.cpp(549)::[__HasZoomUnder] Has Zoom:0 for path:*****
[22648:27816 ] [  INFO ] [23:48:48.372] c:\jenkins\workspace\Client\Client\Windows\clean\win-common\src\installer\NoMSIInstaller\PureClean\ZoomEnumUserUtil.cpp(549)::[__HasZoomUnder] Has Zoom:0 for path:*****
[22648:27816 ] [  INFO ] [23:48:48.372] c:\jenkins\workspace\Client\Client\Windows\clean\win-common\src\installer\NoMSIInstaller\PureClean\ZoomEnumUserUtil.cpp(498)::[CUserProfile::DumpMe]
	SID:S-1-5-21-3565037766-4151068233-2738897902-1034
	User_Data:*****
	Has Zoom:0
	AppData path:*****
	AppData Local  path:*****
	Desktop path:*****
	StartMenu path:*****
	Registry loaded:0 is_registry_ready_:NO
[22648:27816 ] [  INFO ] [23:48:48.372] c:\jenkins\workspace\Client\Client\Windows\clean\win-common\src\installer\NoMSIInstaller\PureClean\ZoomEnumUserByWMI.cpp(267)::[EnumUsersSIDByWMI] Add user:S-1-5-21-3565037766-4151068233-2738897902-1032 Profile:C:\User...
[22648:27816 ] [  INFO ] [23:48:48.372] c:\jenkins\workspace\Client\Client\Windows\clean\win-common\src\installer\NoMSIInstaller\PureClean\ZoomEnumUserUtil.cpp(606)::[CUserProfile::IsUserRegistryReady]
	SID:S-1-5-21-3565037766-4151068233-2738897902-1032
	User_Data:*****
	Load User Config Return:1314 Load User Classes Return:1314
	Config Path:*****
	Classes Path:S-1-5-21-3565037766-4151068233-2738897902-1032_Classes
	Error:3
[22648:27816 ] [  INFO ] [23:48:48.372] c:\jenkins\workspace\Client\Client\Windows\clean\win-common\src\installer\NoMSIInstaller\PureClean\ZoomEnumUserUtil.cpp(645)::[CUserProfile::QueryUserPathesFromRegistry] Fail to find registry for user:S-1-5-21-3565037766-4151068233-2738897902-1032
[22648:27816 ] [  INFO ] [23:48:48.372] c:\jenkins\workspace\Client\Client\Windows\clean\win-common\src\installer\NoMSIInstaller\PureClean\ZoomEnumUserUtil.cpp(549)::[__HasZoomUnder] Has Zoom:0 for path:*****
[22648:27816 ] [  INFO ] [23:48:48.372] c:\jenkins\workspace\Client\Client\Windows\clean\win-common\src\installer\NoMSIInstaller\PureClean\ZoomEnumUserUtil.cpp(549)::[__HasZoomUnder] Has Zoom:0 for path:*****
[22648:27816 ] [  INFO ] [23:48:48.372] c:\jenkins\workspace\Client\Client\Windows\clean\win-common\src\installer\NoMSIInstaller\PureClean\ZoomEnumUserUtil.cpp(498)::[CUserProfile::DumpMe]
	SID:S-1-5-21-3565037766-4151068233-2738897902-1032
	User_Data:*****
	Has Zoom:0
	AppData path:*****
	AppData Local  path:*****
	Desktop path:*****
	StartMenu path:*****
	Registry loaded:0 is_registry_ready_:NO
[22648:27816 ] [  INFO ] [23:48:48.372] c:\jenkins\workspace\Client\Client\Windows\clean\win-common\src\installer\NoMSIInstaller\PureClean\ZoomEnumUserByWMI.cpp(267)::[EnumUsersSIDByWMI] Add user:S-1-5-21-3565037766-4151068233-2738897902-1031 Profile:C:\User...
[22648:27816 ] [  INFO ] [23:48:48.372] c:\jenkins\workspace\Client\Client\Windows\clean\win-common\src\installer\NoMSIInstaller\PureClean\ZoomEnumUserUtil.cpp(606)::[CUserProfile::IsUserRegistryReady]
	SID:S-1-5-21-3565037766-4151068233-2738897902-1031
	User_Data:*****
	Load User Config Return:1314 Load User Classes Return:1314
	Config Path:*****
	Classes Path:S-1-5-21-3565037766-4151068233-2738897902-1031_Classes
	Error:3
[22648:27816 ] [  INFO ] [23:48:48.374] c:\jenkins\workspace\Client\Client\Windows\clean\win-common\src\installer\NoMSIInstaller\PureClean\ZoomEnumUserUtil.cpp(645)::[CUserProfile::QueryUserPathesFromRegistry] Fail to find registry for user:S-1-5-21-3565037766-4151068233-2738897902-1031
[22648:27816 ] [  INFO ] [23:48:48.374] c:\jenkins\workspace\Client\Client\Windows\clean\win-common\src\installer\NoMSIInstaller\PureClean\ZoomEnumUserUtil.cpp(549)::[__HasZoomUnder] Has Zoom:0 for path:*****
[22648:27816 ] [  INFO ] [23:48:48.374] c:\jenkins\workspace\Client\Client\Windows\clean\win-common\src\installer\NoMSIInstaller\PureClean\ZoomEnumUserUtil.cpp(549)::[__HasZoomUnder] Has Zoom:0 for path:*****
[22648:27816 ] [  INFO ] [23:48:48.374] c:\jenkins\workspace\Client\Client\Windows\clean\win-common\src\installer\NoMSIInstaller\PureClean\ZoomEnumUserUtil.cpp(498)::[CUserProfile::DumpMe]
	SID:S-1-5-21-3565037766-4151068233-2738897902-1031
	User_Data:*****
	Has Zoom:0
	AppData path:*****
	AppData Local  path:*****
	Desktop path:*****
	StartMenu path:*****
	Registry loaded:0 is_registry_ready_:NO
[22648:27816 ] [  INFO ] [23:48:48.374] c:\jenkins\workspace\Client\Client\Windows\clean\win-common\src\installer\NoMSIInstaller\PureClean\ZoomEnumUserByWMI.cpp(267)::[EnumUsersSIDByWMI] Add user:S-1-5-21-3565037766-4151068233-2738897902-1029 Profile:C:\User...
[22648:27816 ] [  INFO ] [23:48:48.374] c:\jenkins\workspace\Client\Client\Windows\clean\win-common\src\installer\NoMSIInstaller\PureClean\ZoomEnumUserUtil.cpp(606)::[CUserProfile::IsUserRegistryReady]
	SID:S-1-5-21-3565037766-4151068233-2738897902-1029
	User_Data:*****
	Load User Config Return:1314 Load User Classes Return:1314
	Config Path:*****
	Classes Path:S-1-5-21-3565037766-4151068233-2738897902-1029_Classes
	Error:3
[22648:27816 ] [  INFO ] [23:48:48.374] c:\jenkins\workspace\Client\Client\Windows\clean\win-common\src\installer\NoMSIInstaller\PureClean\ZoomEnumUserUtil.cpp(645)::[CUserProfile::QueryUserPathesFromRegistry] Fail to find registry for user:S-1-5-21-3565037766-4151068233-2738897902-1029
[22648:27816 ] [  INFO ] [23:48:48.374] c:\jenkins\workspace\Client\Client\Windows\clean\win-common\src\installer\NoMSIInstaller\PureClean\ZoomEnumUserUtil.cpp(549)::[__HasZoomUnder] Has Zoom:0 for path:*****
[22648:27816 ] [  INFO ] [23:48:48.374] c:\jenkins\workspace\Client\Client\Windows\clean\win-common\src\installer\NoMSIInstaller\PureClean\ZoomEnumUserUtil.cpp(549)::[__HasZoomUnder] Has Zoom:0 for path:*****
[22648:27816 ] [  INFO ] [23:48:48.374] c:\jenkins\workspace\Client\Client\Windows\clean\win-common\src\installer\NoMSIInstaller\PureClean\ZoomEnumUserUtil.cpp(498)::[CUserProfile::DumpMe]
	SID:S-1-5-21-3565037766-4151068233-2738897902-1029
	User_Data:*****
	Has Zoom:0
	AppData path:*****
	AppData Local  path:*****
	Desktop path:*****
	StartMenu path:*****
	Registry loaded:0 is_registry_ready_:NO
[22648:27816 ] [  INFO ] [23:48:48.374] c:\jenkins\workspace\Client\Client\Windows\clean\win-common\src\installer\NoMSIInstaller\PureClean\ZoomEnumUserByWMI.cpp(267)::[EnumUsersSIDByWMI] Add user:S-1-5-21-3565037766-4151068233-2738897902-1026 Profile:C:\User...
[22648:27816 ] [  INFO ] [23:48:48.374] c:\jenkins\workspace\Client\Client\Windows\clean\win-common\src\installer\NoMSIInstaller\PureClean\ZoomEnumUserUtil.cpp(606)::[CUserProfile::IsUserRegistryReady]
	SID:S-1-5-21-3565037766-4151068233-2738897902-1026
	User_Data:*****
	Load User Config Return:1314 Load User Classes Return:1314
	Config Path:*****
	Classes Path:S-1-5-21-3565037766-4151068233-2738897902-1026_Classes
	Error:3
[22648:27816 ] [  INFO ] [23:48:48.375] c:\jenkins\workspace\Client\Client\Windows\clean\win-common\src\installer\NoMSIInstaller\PureClean\ZoomEnumUserUtil.cpp(645)::[CUserProfile::QueryUserPathesFromRegistry] Fail to find registry for user:S-1-5-21-3565037766-4151068233-2738897902-1026
[22648:27816 ] [  INFO ] [23:48:48.375] c:\jenkins\workspace\Client\Client\Windows\clean\win-common\src\installer\NoMSIInstaller\PureClean\ZoomEnumUserUtil.cpp(549)::[__HasZoomUnder] Has Zoom:0 for path:*****
[22648:27816 ] [  INFO ] [23:48:48.375] c:\jenkins\workspace\Client\Client\Windows\clean\win-common\src\installer\NoMSIInstaller\PureClean\ZoomEnumUserUtil.cpp(549)::[__HasZoomUnder] Has Zoom:0 for path:*****
[22648:27816 ] [  INFO ] [23:48:48.375] c:\jenkins\workspace\Client\Client\Windows\clean\win-common\src\installer\NoMSIInstaller\PureClean\ZoomEnumUserUtil.cpp(498)::[CUserProfile::DumpMe]
	SID:S-1-5-21-3565037766-4151068233-2738897902-1026
	User_Data:*****
	Has Zoom:0
	AppData path:*****
	AppData Local  path:*****
	Desktop path:*****
	StartMenu path:*****
	Registry loaded:0 is_registry_ready_:NO
[22648:27816 ] [  INFO ] [23:48:48.375] c:\jenkins\workspace\Client\Client\Windows\clean\win-common\src\installer\NoMSIInstaller\PureClean\ZoomEnumUserByWMI.cpp(267)::[EnumUsersSIDByWMI] Add user:S-1-5-21-3565037766-4151068233-2738897902-1024 Profile:C:\User...
[22648:27816 ] [  INFO ] [23:48:48.375] c:\jenkins\workspace\Client\Client\Windows\clean\win-common\src\installer\NoMSIInstaller\PureClean\ZoomEnumUserUtil.cpp(606)::[CUserProfile::IsUserRegistryReady]
	SID:S-1-5-21-3565037766-4151068233-2738897902-1024
	User_Data:*****
	Load User Config Return:1314 Load User Classes Return:1314
	Config Path:*****
	Classes Path:S-1-5-21-3565037766-4151068233-2738897902-1024_Classes
	Error:3
[22648:27816 ] [  INFO ] [23:48:48.375] c:\jenkins\workspace\Client\Client\Windows\clean\win-common\src\installer\NoMSIInstaller\PureClean\ZoomEnumUserUtil.cpp(645)::[CUserProfile::QueryUserPathesFromRegistry] Fail to find registry for user:S-1-5-21-3565037766-4151068233-2738897902-1024
[22648:27816 ] [  INFO ] [23:48:48.375] c:\jenkins\workspace\Client\Client\Windows\clean\win-common\src\installer\NoMSIInstaller\PureClean\ZoomEnumUserUtil.cpp(549)::[__HasZoomUnder] Has Zoom:0 for path:*****
[22648:27816 ] [  INFO ] [23:48:48.375] c:\jenkins\workspace\Client\Client\Windows\clean\win-common\src\installer\NoMSIInstaller\PureClean\ZoomEnumUserUtil.cpp(549)::[__HasZoomUnder] Has Zoom:0 for path:*****
[22648:27816 ] [  INFO ] [23:48:48.376] c:\jenkins\workspace\Client\Client\Windows\clean\win-common\src\installer\NoMSIInstaller\PureClean\ZoomEnumUserUtil.cpp(498)::[CUserProfile::DumpMe]
	SID:S-1-5-21-3565037766-4151068233-2738897902-1024
	User_Data:*****
	Has Zoom:0
	AppData path:*****
	AppData Local  path:*****
	Desktop path:*****
	StartMenu path:*****
	Registry loaded:0 is_registry_ready_:NO
[22648:27816 ] [  INFO ] [23:48:48.376] c:\jenkins\workspace\Client\Client\Windows\clean\win-common\src\installer\NoMSIInstaller\PureClean\ZoomEnumUserByWMI.cpp(267)::[EnumUsersSIDByWMI] Add user:S-1-5-21-3565037766-4151068233-2738897902-1022 Profile:C:\User...
[22648:27816 ] [  INFO ] [23:48:48.376] c:\jenkins\workspace\Client\Client\Windows\clean\win-common\src\installer\NoMSIInstaller\PureClean\ZoomEnumUserUtil.cpp(606)::[CUserProfile::IsUserRegistryReady]
	SID:S-1-5-21-3565037766-4151068233-2738897902-1022
	User_Data:*****
	Load User Config Return:1314 Load User Classes Return:1314
	Config Path:*****
	Classes Path:S-1-5-21-3565037766-4151068233-2738897902-1022_Classes
	Error:3
[22648:27816 ] [  INFO ] [23:48:48.377] c:\jenkins\workspace\Client\Client\Windows\clean\win-common\src\installer\NoMSIInstaller\PureClean\ZoomEnumUserUtil.cpp(645)::[CUserProfile::QueryUserPathesFromRegistry] Fail to find registry for user:S-1-5-21-3565037766-4151068233-2738897902-1022
[22648:27816 ] [  INFO ] [23:48:48.377] c:\jenkins\workspace\Client\Client\Windows\clean\win-common\src\installer\NoMSIInstaller\PureClean\ZoomEnumUserUtil.cpp(549)::[__HasZoomUnder] Has Zoom:0 for path:*****
[22648:27816 ] [  INFO ] [23:48:48.377] c:\jenkins\workspace\Client\Client\Windows\clean\win-common\src\installer\NoMSIInstaller\PureClean\ZoomEnumUserUtil.cpp(549)::[__HasZoomUnder] Has Zoom:0 for path:*****
[22648:27816 ] [  INFO ] [23:48:48.377] c:\jenkins\workspace\Client\Client\Windows\clean\win-common\src\installer\NoMSIInstaller\PureClean\ZoomEnumUserUtil.cpp(498)::[CUserProfile::DumpMe]
	SID:S-1-5-21-3565037766-4151068233-2738897902-1022
	User_Data:*****
	Has Zoom:0
	AppData path:*****
	AppData Local  path:*****
	Desktop path:*****
	StartMenu path:*****
	Registry loaded:0 is_registry_ready_:NO
[22648:27816 ] [  INFO ] [23:48:48.377] c:\jenkins\workspace\Client\Client\Windows\clean\win-common\src\installer\NoMSIInstaller\PureClean\ZoomEnumUserByWMI.cpp(267)::[EnumUsersSIDByWMI] Add user:S-1-5-21-3565037766-4151068233-2738897902-1021 Profile:C:\User...
[22648:27816 ] [  INFO ] [23:48:48.377] c:\jenkins\workspace\Client\Client\Windows\clean\win-common\src\installer\NoMSIInstaller\PureClean\ZoomEnumUserUtil.cpp(606)::[CUserProfile::IsUserRegistryReady]
	SID:S-1-5-21-3565037766-4151068233-2738897902-1021
	User_Data:*****
	Load User Config Return:1314 Load User Classes Return:1314
	Config Path:*****
	Classes Path:S-1-5-21-3565037766-4151068233-2738897902-1021_Classes
	Error:3
[22648:27816 ] [  INFO ] [23:48:48.377] c:\jenkins\workspace\Client\Client\Windows\clean\win-common\src\installer\NoMSIInstaller\PureClean\ZoomEnumUserUtil.cpp(645)::[CUserProfile::QueryUserPathesFromRegistry] Fail to find registry for user:S-1-5-21-3565037766-4151068233-2738897902-1021
[22648:27816 ] [  INFO ] [23:48:48.377] c:\jenkins\workspace\Client\Client\Windows\clean\win-common\src\installer\NoMSIInstaller\PureClean\ZoomEnumUserUtil.cpp(549)::[__HasZoomUnder] Has Zoom:0 for path:*****
[22648:27816 ] [  INFO ] [23:48:48.377] c:\jenkins\workspace\Client\Client\Windows\clean\win-common\src\installer\NoMSIInstaller\PureClean\ZoomEnumUserUtil.cpp(549)::[__HasZoomUnder] Has Zoom:0 for path:*****
[22648:27816 ] [  INFO ] [23:48:48.377] c:\jenkins\workspace\Client\Client\Windows\clean\win-common\src\installer\NoMSIInstaller\PureClean\ZoomEnumUserUtil.cpp(498)::[CUserProfile::DumpMe]
	SID:S-1-5-21-3565037766-4151068233-2738897902-1021
	User_Data:*****
	Has Zoom:0
	AppData path:*****
	AppData Local  path:*****
	Desktop path:*****
	StartMenu path:*****
	Registry loaded:0 is_registry_ready_:NO
[22648:27816 ] [  INFO ] [23:48:48.377] c:\jenkins\workspace\Client\Client\Windows\clean\win-common\src\installer\NoMSIInstaller\PureClean\ZoomEnumUserByWMI.cpp(267)::[EnumUsersSIDByWMI] Add user:S-1-5-21-3565037766-4151068233-2738897902-1016 Profile:C:\User...
[22648:27816 ] [  INFO ] [23:48:48.377] c:\jenkins\workspace\Client\Client\Windows\clean\win-common\src\installer\NoMSIInstaller\PureClean\ZoomEnumUserUtil.cpp(606)::[CUserProfile::IsUserRegistryReady]
	SID:S-1-5-21-3565037766-4151068233-2738897902-1016
	User_Data:*****
	Load User Config Return:1314 Load User Classes Return:1314
	Config Path:*****
	Classes Path:S-1-5-21-3565037766-4151068233-2738897902-1016_Classes
	Error:3
[22648:27816 ] [  INFO ] [23:48:48.377] c:\jenkins\workspace\Client\Client\Windows\clean\win-common\src\installer\NoMSIInstaller\PureClean\ZoomEnumUserUtil.cpp(645)::[CUserProfile::QueryUserPathesFromRegistry] Fail to find registry for user:S-1-5-21-3565037766-4151068233-2738897902-1016
[22648:27816 ] [  INFO ] [23:48:48.378] c:\jenkins\workspace\Client\Client\Windows\clean\win-common\src\installer\NoMSIInstaller\PureClean\ZoomEnumUserUtil.cpp(549)::[__HasZoomUnder] Has Zoom:0 for path:*****
[22648:27816 ] [  INFO ] [23:48:48.378] c:\jenkins\workspace\Client\Client\Windows\clean\win-common\src\installer\NoMSIInstaller\PureClean\ZoomEnumUserUtil.cpp(549)::[__HasZoomUnder] Has Zoom:0 for path:*****
[22648:27816 ] [  INFO ] [23:48:48.378] c:\jenkins\workspace\Client\Client\Windows\clean\win-common\src\installer\NoMSIInstaller\PureClean\ZoomEnumUserUtil.cpp(498)::[CUserProfile::DumpMe]
	SID:S-1-5-21-3565037766-4151068233-2738897902-1016
	User_Data:*****
	Has Zoom:0
	AppData path:*****
	AppData Local  path:*****
	Desktop path:*****
	StartMenu path:*****
	Registry loaded:0 is_registry_ready_:NO
[22648:27816 ] [  INFO ] [23:48:48.378] c:\jenkins\workspace\Client\Client\Windows\clean\win-common\src\installer\NoMSIInstaller\PureClean\ZoomEnumUserByWMI.cpp(267)::[EnumUsersSIDByWMI] Add user:S-1-5-21-3565037766-4151068233-2738897902-1011 Profile:C:\User...
[22648:27816 ] [  INFO ] [23:48:48.378] c:\jenkins\workspace\Client\Client\Windows\clean\win-common\src\installer\NoMSIInstaller\PureClean\ZoomEnumUserUtil.cpp(606)::[CUserProfile::IsUserRegistryReady]
	SID:S-1-5-21-3565037766-4151068233-2738897902-1011
	User_Data:*****
	Load User Config Return:1314 Load User Classes Return:1314
	Config Path:*****
	Classes Path:S-1-5-21-3565037766-4151068233-2738897902-1011_Classes
	Error:3
[22648:27816 ] [  INFO ] [23:48:48.378] c:\jenkins\workspace\Client\Client\Windows\clean\win-common\src\installer\NoMSIInstaller\PureClean\ZoomEnumUserUtil.cpp(645)::[CUserProfile::QueryUserPathesFromRegistry] Fail to find registry for user:S-1-5-21-3565037766-4151068233-2738897902-1011
[22648:27816 ] [  INFO ] [23:48:48.378] c:\jenkins\workspace\Client\Client\Windows\clean\win-common\src\installer\NoMSIInstaller\PureClean\ZoomEnumUserUtil.cpp(549)::[__HasZoomUnder] Has Zoom:0 for path:*****
[22648:27816 ] [  INFO ] [23:48:48.378] c:\jenkins\workspace\Client\Client\Windows\clean\win-common\src\installer\NoMSIInstaller\PureClean\ZoomEnumUserUtil.cpp(549)::[__HasZoomUnder] Has Zoom:0 for path:*****
[22648:27816 ] [  INFO ] [23:48:48.378] c:\jenkins\workspace\Client\Client\Windows\clean\win-common\src\installer\NoMSIInstaller\PureClean\ZoomEnumUserUtil.cpp(498)::[CUserProfile::DumpMe]
	SID:S-1-5-21-3565037766-4151068233-2738897902-1011
	User_Data:*****
	Has Zoom:0
	AppData path:*****
	AppData Local  path:*****
	Desktop path:*****
	StartMenu path:*****
	Registry loaded:0 is_registry_ready_:NO
[22648:27816 ] [  INFO ] [23:48:48.378] c:\jenkins\workspace\Client\Client\Windows\clean\win-common\src\installer\NoMSIInstaller\PureClean\ZoomEnumUserByWMI.cpp(267)::[EnumUsersSIDByWMI] Add user:S-1-5-21-3565037766-4151068233-2738897902-1010 Profile:C:\User...
[22648:27816 ] [  INFO ] [23:48:48.378] c:\jenkins\workspace\Client\Client\Windows\clean\win-common\src\installer\NoMSIInstaller\PureClean\ZoomEnumUserUtil.cpp(606)::[CUserProfile::IsUserRegistryReady]
	SID:S-1-5-21-3565037766-4151068233-2738897902-1010
	User_Data:*****
	Load User Config Return:1314 Load User Classes Return:1314
	Config Path:*****
	Classes Path:S-1-5-21-3565037766-4151068233-2738897902-1010_Classes
	Error:3
[22648:27816 ] [  INFO ] [23:48:48.378] c:\jenkins\workspace\Client\Client\Windows\clean\win-common\src\installer\NoMSIInstaller\PureClean\ZoomEnumUserUtil.cpp(645)::[CUserProfile::QueryUserPathesFromRegistry] Fail to find registry for user:S-1-5-21-3565037766-4151068233-2738897902-1010
[22648:27816 ] [  INFO ] [23:48:48.380] c:\jenkins\workspace\Client\Client\Windows\clean\win-common\src\installer\NoMSIInstaller\PureClean\ZoomEnumUserUtil.cpp(549)::[__HasZoomUnder] Has Zoom:0 for path:*****
[22648:27816 ] [  INFO ] [23:48:48.380] c:\jenkins\workspace\Client\Client\Windows\clean\win-common\src\installer\NoMSIInstaller\PureClean\ZoomEnumUserUtil.cpp(549)::[__HasZoomUnder] Has Zoom:0 for path:*****
[22648:27816 ] [  INFO ] [23:48:48.380] c:\jenkins\workspace\Client\Client\Windows\clean\win-common\src\installer\NoMSIInstaller\PureClean\ZoomEnumUserUtil.cpp(498)::[CUserProfile::DumpMe]
	SID:S-1-5-21-3565037766-4151068233-2738897902-1010
	User_Data:*****
	Has Zoom:0
	AppData path:*****
	AppData Local  path:*****
	Desktop path:*****
	StartMenu path:*****
	Registry loaded:0 is_registry_ready_:NO
[22648:27816 ] [  INFO ] [23:48:48.380] c:\jenkins\workspace\Client\Client\Windows\clean\win-common\src\installer\NoMSIInstaller\PureClean\ZoomEnumUserByWMI.cpp(267)::[EnumUsersSIDByWMI] Add user:S-1-5-21-3565037766-4151068233-2738897902-1009 Profile:C:\User...
[22648:27816 ] [  INFO ] [23:48:48.380] c:\jenkins\workspace\Client\Client\Windows\clean\win-common\src\installer\NoMSIInstaller\PureClean\ZoomEnumUserUtil.cpp(606)::[CUserProfile::IsUserRegistryReady]
	SID:S-1-5-21-3565037766-4151068233-2738897902-1009
	User_Data:*****
	Load User Config Return:1314 Load User Classes Return:1314
	Config Path:*****
	Classes Path:S-1-5-21-3565037766-4151068233-2738897902-1009_Classes
	Error:3
[22648:27816 ] [  INFO ] [23:48:48.380] c:\jenkins\workspace\Client\Client\Windows\clean\win-common\src\installer\NoMSIInstaller\PureClean\ZoomEnumUserUtil.cpp(645)::[CUserProfile::QueryUserPathesFromRegistry] Fail to find registry for user:S-1-5-21-3565037766-4151068233-2738897902-1009
[22648:27816 ] [  INFO ] [23:48:48.380] c:\jenkins\workspace\Client\Client\Windows\clean\win-common\src\installer\NoMSIInstaller\PureClean\ZoomEnumUserUtil.cpp(549)::[__HasZoomUnder] Has Zoom:0 for path:*****
[22648:27816 ] [  INFO ] [23:48:48.380] c:\jenkins\workspace\Client\Client\Windows\clean\win-common\src\installer\NoMSIInstaller\PureClean\ZoomEnumUserUtil.cpp(549)::[__HasZoomUnder] Has Zoom:0 for path:*****
[22648:27816 ] [  INFO ] [23:48:48.380] c:\jenkins\workspace\Client\Client\Windows\clean\win-common\src\installer\NoMSIInstaller\PureClean\ZoomEnumUserUtil.cpp(498)::[CUserProfile::DumpMe]
	SID:S-1-5-21-3565037766-4151068233-2738897902-1009
	User_Data:*****
	Has Zoom:0
	AppData path:*****
	AppData Local  path:*****
	Desktop path:*****
	StartMenu path:*****
	Registry loaded:0 is_registry_ready_:NO
[22648:27816 ] [  INFO ] [23:48:48.380] c:\jenkins\workspace\Client\Client\Windows\clean\win-common\src\installer\NoMSIInstaller\PureClean\ZoomEnumUserByWMI.cpp(267)::[EnumUsersSIDByWMI] Add user:S-1-5-21-3565037766-4151068233-2738897902-1003 Profile:C:\User...
[22648:27816 ] [  INFO ] [23:48:48.380] c:\jenkins\workspace\Client\Client\Windows\clean\win-common\src\installer\NoMSIInstaller\PureClean\ZoomEnumUserUtil.cpp(606)::[CUserProfile::IsUserRegistryReady]
	SID:S-1-5-21-3565037766-4151068233-2738897902-1003
	User_Data:*****
	Load User Config Return:1314 Load User Classes Return:1314
	Config Path:*****
	Classes Path:S-1-5-21-3565037766-4151068233-2738897902-1003_Classes
	Error:3
[22648:27816 ] [  INFO ] [23:48:48.380] c:\jenkins\workspace\Client\Client\Windows\clean\win-common\src\installer\NoMSIInstaller\PureClean\ZoomEnumUserUtil.cpp(645)::[CUserProfile::QueryUserPathesFromRegistry] Fail to find registry for user:S-1-5-21-3565037766-4151068233-2738897902-1003
[22648:27816 ] [  INFO ] [23:48:48.380] c:\jenkins\workspace\Client\Client\Windows\clean\win-common\src\installer\NoMSIInstaller\PureClean\ZoomEnumUserUtil.cpp(549)::[__HasZoomUnder] Has Zoom:0 for path:*****
[22648:27816 ] [  INFO ] [23:48:48.381] c:\jenkins\workspace\Client\Client\Windows\clean\win-common\src\installer\NoMSIInstaller\PureClean\ZoomEnumUserUtil.cpp(549)::[__HasZoomUnder] Has Zoom:0 for path:*****
[22648:27816 ] [  INFO ] [23:48:48.381] c:\jenkins\workspace\Client\Client\Windows\clean\win-common\src\installer\NoMSIInstaller\PureClean\ZoomEnumUserUtil.cpp(498)::[CUserProfile::DumpMe]
	SID:S-1-5-21-3565037766-4151068233-2738897902-1003
	User_Data:*****
	Has Zoom:0
	AppData path:*****
	AppData Local  path:*****
	Desktop path:*****
	StartMenu path:*****
	Registry loaded:0 is_registry_ready_:NO
[22648:27816 ] [  INFO ] [23:48:48.381] c:\jenkins\workspace\Client\Client\Windows\clean\win-common\src\installer\NoMSIInstaller\PureClean\ZoomEnumUserByWMI.cpp(262)::[EnumUsersSIDByWMI] Already found user:S-1-5-21-3565037766-4151068233-2738897902-1001 Path:C:\User...
[22648:27816 ] [  INFO ] [23:48:48.381] c:\jenkins\workspace\Client\Client\Windows\clean\win-common\src\installer\NoMSIInstaller\PureClean\ZoomEnumUserByWMI.cpp(283)::[EnumUsersSIDByWMI] New Add user count:54
[22648:27816 ] [  INFO ] [23:48:48.381] c:\jenkins\workspace\Client\Client\Windows\clean\win-common\src\installer\NoMSIInstaller\PureClean\ZoomPerUserCleaner.cpp(233)::[CPerUserCleaner::DoClean] Profile path count:56 KeepData:0, KeepLogs:0
[22648:27816 ] [  INFO ] [23:48:48.381] c:\jenkins\workspace\Client\Client\Windows\clean\win-common\src\installer\NoMSIInstaller\PureClean\ZoomPerUserCleaner.cpp(607)::[CPerUserCleaner::TryToCleanOneProfile] Begin to clean with impersonation for: S-1-5-21-3565037766-4151068233-2738897902-1001 Path:C:\User...
[22648:27816 ] [  INFO ] [23:48:48.381] c:\jenkins\workspace\Client\Client\Windows\clean\win-common\src\installer\NoMSIInstaller\PureClean\ImpersonationHelper.cpp(181)::[CWorker::CreateWith] Valid:1 Session-ID:S-1-5-21-3565037766-4151068233-2738897902-1001
[22648:19208 ] [  INFO ] [23:48:48.386] c:\jenkins\workspace\Client\Client\Windows\clean\win-common\src\installer\NoMSIInstaller\PureClean\ImpersonationHelper.cpp(146)::[CWorker::BeginImpersonate] Try to get impersonate token from PID:8396
[22648:19208 ] [  INFO ] [23:48:48.386] c:\jenkins\workspace\Client\Client\Windows\clean\win-common\src\installer\NoMSIInstaller\PureClean\RestrictToken.h(74)::[GetMediumPrivilefeToken] CreateWellKnownSid local admin fail, error code:122
[22648:19208 ] [  INFO ] [23:48:48.386] c:\jenkins\workspace\Client\Client\Windows\clean\win-common\src\installer\NoMSIInstaller\PureClean\RestrictToken.h(116)::[GetMediumPrivilefeToken] success
[22648:19208 ] [  INFO ] [23:48:48.386] c:\jenkins\workspace\Client\Client\Windows\clean\win-common\src\installer\NoMSIInstaller\PureClean\ImpersonationHelper.cpp(245)::[CWorker::BeginImpersonate] For SID:S-1-5-21-3565037766-4151068233-2738897902-1001 To Impersonate PID:8396 Total process count:244
[22648:19208 ] [  INFO ] [23:48:48.386] c:\jenkins\workspace\Client\Client\Windows\clean\win-common\src\installer\NoMSIInstaller\PureClean\ImpersonationHelper.cpp(262)::[CWorker::BeginImpersonate] End for SID:S-1-5-21-3565037766-4151068233-2738897902-1001 To Impersonate PID:8396 Success:1
[22648:19208 ] [  INFO ] [23:48:48.386] c:\jenkins\workspace\Client\Client\Windows\clean\win-common\src\installer\NoMSIInstaller\PureClean\ImpersonationHelper.cpp(315)::[CWorker::ThreadProc] SID:S-1-5-21-3565037766-4151068233-2738897902-1001 Impersonate Success:1 Continue:1
[22648:19208 ] [  INFO ] [23:48:48.386] c:\jenkins\workspace\Client\Client\Windows\clean\win-common\src\installer\NoMSIInstaller\PureClean\ZoomPerUserCleaner.cpp(659)::[CPerUserCleaner::CleanOneProfile] no zoom folder: S-1-5-21-3565037766-4151068233-2738897902-1001 Path:C:\Users\justy
[22648:19208 ] [  INFO ] [23:48:48.386] c:\jenkins\workspace\Client\Client\Windows\clean\win-common\src\installer\NoMSIInstaller\PureClean\ZoomPerUserCleaner.cpp(669)::[CPerUserCleaner::CleanOneProfile] no zoom local folder: S-1-5-21-3565037766-4151068233-2738897902-1001 Path:C:\Users\justy
[22648:19208 ] [  INFO ] [23:48:48.387] c:\jenkins\workspace\Client\Client\Windows\clean\win-common\src\installer\NoMSIInstaller\PureClean\ZoomPerUserCleaner.cpp(674)::[CPerUserCleaner::CleanOneProfile] Start to clean for User:S-1-5-21-3565037766-4151068233-2738897902-1001
[22648:19208 ] [  INFO ] [23:48:48.387] c:\jenkins\workspace\Client\Client\Windows\clean\win-common\src\installer\Include\ZoomRegUtil.cpp(989)::[UnregMIMEZoommtg] Start, forAllUser:0 UserSID:S-1-5-21-3565037766-4151068233-2738897902-1001error code:122
[22648:19208 ] [  INFO ] [23:48:48.387] c:\jenkins\workspace\Client\Client\Windows\clean\win-common\src\installer\Include\ZoomRegUtil.cpp(92)::[__OpenRegKey] For all user:0, User SID:S-1-5-21-3565037766-4151068233-2738897902-1001, Path:Software\Classes, Flag:131103, Ret:0, Error:122
[22648:19208 ] [  INFO ] [23:48:48.387] c:\jenkins\workspace\Client\Client\Windows\clean\win-common\src\installer\Include\ZoomRegUtil.cpp(997)::[UnregMIMEZoommtg] Remove mtg root ret: 2 error code:122
[22648:19208 ] [  INFO ] [23:48:48.387] c:\jenkins\workspace\Client\Client\Windows\clean\win-common\src\installer\Include\ZoomRegUtil.cpp(1002)::[UnregMIMEZoommtg] Remove mtg postfix ret: 2 error code:122
[22648:19208 ] [  INFO ] [23:48:48.387] c:\jenkins\workspace\Client\Client\Windows\clean\win-common\src\installer\Include\ZoomRegUtil.cpp(1010)::[UnregMIMEZoommtg] Remove launcher ret: 2 error code:122
[22648:19208 ] [  INFO ] [23:48:48.387] c:\jenkins\workspace\Client\Client\Windows\clean\win-common\src\installer\Include\ZoomRegUtil.cpp(92)::[__OpenRegKey] For all user:0, User SID:S-1-5-21-3565037766-4151068233-2738897902-1001, Path:SOFTWARE\Microsoft\Windows\CurrentVersion\Internet Settings\5.0\User Agent\Post Platform, Flag:131615, Ret:0, Error:122
[22648:19208 ] [  INFO ] [23:48:48.387] c:\jenkins\workspace\Client\Client\Windows\clean\win-common\src\installer\Include\ZoomRegUtil.cpp(1027)::[UnregMIMEZoommtg] Remove user-agent postfix ret: 2 flag:131615 error code:122
[22648:19208 ] [  INFO ] [23:48:48.387] c:\jenkins\workspace\Client\Client\Windows\clean\win-common\src\installer\Include\ZoomRegUtil.cpp(92)::[__OpenRegKey] For all user:0, User SID:S-1-5-21-3565037766-4151068233-2738897902-1001, Path:SOFTWARE\Microsoft\Windows\CurrentVersion\Internet Settings\5.0\User Agent\Post Platform, Flag:131359, Ret:0, Error:122
[22648:19208 ] [  INFO ] [23:48:48.387] c:\jenkins\workspace\Client\Client\Windows\clean\win-common\src\installer\Include\ZoomRegUtil.cpp(1027)::[UnregMIMEZoommtg] Remove user-agent postfix ret: 2 flag:131359 error code:122
[22648:19208 ] [  INFO ] [23:48:48.387] c:\jenkins\workspace\Client\Client\Windows\clean\win-common\src\installer\Include\ZoomRegUtil.cpp(92)::[__OpenRegKey] For all user:0, User SID:S-1-5-21-3565037766-4151068233-2738897902-1001, Path:Software\Classes, Flag:131103, Ret:0, Error:122
[22648:19208 ] [  INFO ] [23:48:48.387] c:\jenkins\workspace\Client\Client\Windows\clean\win-common\src\installer\Include\ZoomRegUtil.cpp(735)::[UnRegZoomAppProtocol] Uninstall return: 2 ForAll:0 User SID:S-1-5-21-3565037766-4151068233-2738897902-1001 error code:122
[22648:19208 ] [  INFO ] [23:48:48.389] c:\jenkins\workspace\Client\Client\Windows\clean\win-common\src\installer\Include\ZoomRegUtil.cpp(149)::[__RecurseDeleteKey] forAllUser:0, user_sid:S-1-5-21-3565037766-4151068233-2738897902-1001 Ret:2 Error:122
[22648:19208 ] [  INFO ] [23:48:48.389] c:\jenkins\workspace\Client\Client\Windows\clean\win-common\src\installer\Include\ZoomRegUtil.cpp(92)::[__OpenRegKey] For all user:0, User SID:S-1-5-21-3565037766-4151068233-2738897902-1001, Path:Software\Classes, Flag:131103, Ret:0, Error:122
[22648:19208 ] [  INFO ] [23:48:48.389] c:\jenkins\workspace\Client\Client\Windows\clean\win-common\src\installer\Include\ZoomRegUtil.cpp(735)::[UnRegZoomAppProtocol] Uninstall return: 2 ForAll:0 User SID:S-1-5-21-3565037766-4151068233-2738897902-1001 error code:122
[22648:19208 ] [  INFO ] [23:48:48.389] c:\jenkins\workspace\Client\Client\Windows\clean\win-common\src\installer\Include\ZoomRegUtil.cpp(149)::[__RecurseDeleteKey] forAllUser:0, user_sid:S-1-5-21-3565037766-4151068233-2738897902-1001 Ret:2 Error:122
[22648:19208 ] [  INFO ] [23:48:48.389] c:\jenkins\workspace\Client\Client\Windows\clean\win-common\src\installer\Include\ZoomRegUtil.cpp(149)::[__RecurseDeleteKey] forAllUser:0, user_sid:S-1-5-21-3565037766-4151068233-2738897902-1001 Ret:2 Error:122
[22648:19208 ] [  INFO ] [23:48:48.389] c:\jenkins\workspace\Client\Client\Windows\clean\win-common\src\installer\Include\ZoomRegUtil.cpp(92)::[__OpenRegKey] For all user:0, User SID:S-1-5-21-3565037766-4151068233-2738897902-1001, Path:Software\Classes, Flag:131103, Ret:0, Error:122
[22648:19208 ] [ ERROR ] [23:48:48.389] c:\jenkins\workspace\Client\Client\Windows\clean\win-common\src\installer\Include\ZoomRegUtil.cpp(855)::[UnbindZoomTranscoderFile] Failed to open class key, ret:2 Error:122
[22648:19208 ] [  INFO ] [23:48:48.389] c:\jenkins\workspace\Client\Client\Windows\clean\win-common\src\installer\Include\PBXProtocolInstaller.cpp(40)::AddProtocol:protocol:tel progid:ZoomPbx.tel client key name:ZoomPBX cmd:
[22648:19208 ] [  INFO ] [23:48:48.389] c:\jenkins\workspace\Client\Client\Windows\clean\win-common\src\installer\Include\PBXProtocolInstaller.cpp(40)::AddProtocol:protocol:callto progid:ZoomPbx.callto client key name:ZoomPBX cmd:
[22648:19208 ] [  INFO ] [23:48:48.389] c:\jenkins\workspace\Client\Client\Windows\clean\win-common\src\installer\Include\PBXProtocolInstaller.cpp(40)::AddProtocol:protocol:ZoomPhoneCall progid:ZoomPbx.zoomphonecall client key name:ZoomPBX cmd:
[22648:19208 ] [  INFO ] [23:48:48.389] c:\jenkins\workspace\Client\Client\Windows\clean\win-common\src\installer\Include\PBXProtocolInstaller.cpp(40)::AddProtocol:protocol:ZoomPhoneSMS progid:ZoomPbx.zoomphonesms client key name:ZoomPBX cmd:
[22648:19208 ] [  INFO ] [23:48:48.389] c:\jenkins\workspace\Client\Client\Windows\clean\win-common\src\installer\Include\PBXProtocolInstaller.cpp(40)::AddProtocol:protocol:ZoomContactCenterCall progid:ZoomPbx.zoomcontactcentercall client key name:ZoomPBX cmd:
[22648:19208 ] [  INFO ] [23:48:48.390] c:\jenkins\workspace\Client\Client\Windows\clean\win-common\src\installer\Include\PBXProtocolInstaller.cpp(72)::Start Uninstall Protocol... user sid:S-1-5-21-3565037766-4151068233-2738897902-1001 for_all_user:0
[22648:19208 ] [  INFO ] [23:48:48.390] c:\jenkins\workspace\Client\Client\Windows\clean\win-common\src\installer\Include\PBXProtocolInstaller.cpp(214)::Start UninstallProtocolImpl:protocol:ZoomContactCenterCall progid:ZoomPbx.zoomcontactcentercall client key:ZoomPBX sid:S-1-5-21-3565037766-4151068233-2738897902-1001 install_for_all_user:0
[22648:19208 ] [  INFO ] [23:48:48.390] c:\jenkins\workspace\Client\Client\Windows\clean\win-common\src\installer\Include\PBXProtocolInstaller.cpp(789)::Start DelRegApp...
[22648:19208 ] [  INFO ] [23:48:48.390] c:\jenkins\workspace\Client\Client\Windows\clean\win-common\src\installer\Include\PBXProtocolInstaller.cpp(812)::GetRootKeyAndSubKey:root key:80000003 sub key:S-1-5-21-3565037766-4151068233-2738897902-1001\Software\RegisteredApplications
[22648:19208 ] [  INFO ] [23:48:48.390] c:\jenkins\workspace\Client\Client\Windows\clean\win-common\src\installer\Include\PBXProtocolInstaller.cpp(746)::Start DelProgId...
[22648:19208 ] [  INFO ] [23:48:48.390] c:\jenkins\workspace\Client\Client\Windows\clean\win-common\src\installer\Include\PBXProtocolInstaller.cpp(812)::GetRootKeyAndSubKey:root key:80000003 sub key:S-1-5-21-3565037766-4151068233-2738897902-1001\Software\Classes\ZoomPbx.zoomcontactcentercall
[22648:19208 ] [  INFO ] [23:48:48.390] c:\jenkins\workspace\Client\Client\Windows\clean\win-common\src\installer\Include\PBXProtocolInstaller.cpp(812)::GetRootKeyAndSubKey:root key:80000003 sub key:S-1-5-21-3565037766-4151068233-2738897902-1001\Software\Classes\ZoomPbx.zoomcontactcentercall
[22648:19208 ] [  INFO ] [23:48:48.390] c:\jenkins\workspace\Client\Client\Windows\clean\win-common\src\installer\Include\PBXProtocolInstaller.cpp(735)::Start DelInternetCall...
[22648:19208 ] [  INFO ] [23:48:48.390] c:\jenkins\workspace\Client\Client\Windows\clean\win-common\src\installer\Include\PBXProtocolInstaller.cpp(812)::GetRootKeyAndSubKey:root key:80000003 sub key:S-1-5-21-3565037766-4151068233-2738897902-1001\Software\Clients\ZoomPBX\ZoomPBX
[22648:19208 ] [  INFO ] [23:48:48.390] c:\jenkins\workspace\Client\Client\Windows\clean\win-common\src\installer\Include\PBXProtocolInstaller.cpp(696)::Start ResetProtoShellOpenCmd...
[22648:19208 ] [  INFO ] [23:48:48.392] c:\jenkins\workspace\Client\Client\Windows\clean\win-common\src\installer\Include\PBXProtocolInstaller.cpp(812)::GetRootKeyAndSubKey:root key:80000003 sub key:S-1-5-21-3565037766-4151068233-2738897902-1001\Software\Classes\ZoomContactCenterCall
[22648:19208 ] [  INFO ] [23:48:48.392] c:\jenkins\workspace\Client\Client\Windows\clean\win-common\src\installer\Include\PBXProtocolInstaller.cpp(509)::Start ClearDefaultProtocolHandler...
[22648:19208 ] [  INFO ] [23:48:48.392] c:\jenkins\workspace\Client\Client\Windows\clean\win-common\src\installer\Include\PBXProtocolInstaller.cpp(812)::GetRootKeyAndSubKey:root key:80000003 sub key:S-1-5-21-3565037766-4151068233-2738897902-1001\Software\Microsoft\Windows\Shell\Associations\UrlAssociations\ZoomContactCenterCall\UserChoice
[22648:19208 ] [ ERROR ] [23:48:48.392] c:\jenkins\workspace\Client\Client\Windows\clean\win-common\src\installer\Include\PBXProtocolInstaller.cpp(526)::RegQueryValueEx fail,error code:2
[22648:19208 ] [  INFO ] [23:48:48.392] c:\jenkins\workspace\Client\Client\Windows\clean\win-common\src\installer\Include\PBXProtocolInstaller.cpp(214)::Start UninstallProtocolImpl:protocol:ZoomPhoneCall progid:ZoomPbx.zoomphonecall client key:ZoomPBX sid:S-1-5-21-3565037766-4151068233-2738897902-1001 install_for_all_user:0
[22648:19208 ] [  INFO ] [23:48:48.392] c:\jenkins\workspace\Client\Client\Windows\clean\win-common\src\installer\Include\PBXProtocolInstaller.cpp(789)::Start DelRegApp...
[22648:19208 ] [  INFO ] [23:48:48.392] c:\jenkins\workspace\Client\Client\Windows\clean\win-common\src\installer\Include\PBXProtocolInstaller.cpp(812)::GetRootKeyAndSubKey:root key:80000003 sub key:S-1-5-21-3565037766-4151068233-2738897902-1001\Software\RegisteredApplications
[22648:19208 ] [  INFO ] [23:48:48.392] c:\jenkins\workspace\Client\Client\Windows\clean\win-common\src\installer\Include\PBXProtocolInstaller.cpp(746)::Start DelProgId...
[22648:19208 ] [  INFO ] [23:48:48.392] c:\jenkins\workspace\Client\Client\Windows\clean\win-common\src\installer\Include\PBXProtocolInstaller.cpp(812)::GetRootKeyAndSubKey:root key:80000003 sub key:S-1-5-21-3565037766-4151068233-2738897902-1001\Software\Classes\ZoomPbx.zoomphonecall
[22648:19208 ] [  INFO ] [23:48:48.392] c:\jenkins\workspace\Client\Client\Windows\clean\win-common\src\installer\Include\PBXProtocolInstaller.cpp(812)::GetRootKeyAndSubKey:root key:80000003 sub key:S-1-5-21-3565037766-4151068233-2738897902-1001\Software\Classes\ZoomPbx.zoomphonecall
[22648:19208 ] [  INFO ] [23:48:48.393] c:\jenkins\workspace\Client\Client\Windows\clean\win-common\src\installer\Include\PBXProtocolInstaller.cpp(735)::Start DelInternetCall...
[22648:19208 ] [  INFO ] [23:48:48.393] c:\jenkins\workspace\Client\Client\Windows\clean\win-common\src\installer\Include\PBXProtocolInstaller.cpp(812)::GetRootKeyAndSubKey:root key:80000003 sub key:S-1-5-21-3565037766-4151068233-2738897902-1001\Software\Clients\ZoomPBX\ZoomPBX
[22648:19208 ] [  INFO ] [23:48:48.393] c:\jenkins\workspace\Client\Client\Windows\clean\win-common\src\installer\Include\PBXProtocolInstaller.cpp(696)::Start ResetProtoShellOpenCmd...
[22648:19208 ] [  INFO ] [23:48:48.393] c:\jenkins\workspace\Client\Client\Windows\clean\win-common\src\installer\Include\PBXProtocolInstaller.cpp(812)::GetRootKeyAndSubKey:root key:80000003 sub key:S-1-5-21-3565037766-4151068233-2738897902-1001\Software\Classes\ZoomPhoneCall
[22648:19208 ] [  INFO ] [23:48:48.393] c:\jenkins\workspace\Client\Client\Windows\clean\win-common\src\installer\Include\PBXProtocolInstaller.cpp(509)::Start ClearDefaultProtocolHandler...
[22648:19208 ] [  INFO ] [23:48:48.393] c:\jenkins\workspace\Client\Client\Windows\clean\win-common\src\installer\Include\PBXProtocolInstaller.cpp(812)::GetRootKeyAndSubKey:root key:80000003 sub key:S-1-5-21-3565037766-4151068233-2738897902-1001\Software\Microsoft\Windows\Shell\Associations\UrlAssociations\ZoomPhoneCall\UserChoice
[22648:19208 ] [ ERROR ] [23:48:48.393] c:\jenkins\workspace\Client\Client\Windows\clean\win-common\src\installer\Include\PBXProtocolInstaller.cpp(526)::RegQueryValueEx fail,error code:2
[22648:19208 ] [  INFO ] [23:48:48.393] c:\jenkins\workspace\Client\Client\Windows\clean\win-common\src\installer\Include\PBXProtocolInstaller.cpp(214)::Start UninstallProtocolImpl:protocol:ZoomPhoneSMS progid:ZoomPbx.zoomphonesms client key:ZoomPBX sid:S-1-5-21-3565037766-4151068233-2738897902-1001 install_for_all_user:0
[22648:19208 ] [  INFO ] [23:48:48.393] c:\jenkins\workspace\Client\Client\Windows\clean\win-common\src\installer\Include\PBXProtocolInstaller.cpp(789)::Start DelRegApp...
[22648:19208 ] [  INFO ] [23:48:48.393] c:\jenkins\workspace\Client\Client\Windows\clean\win-common\src\installer\Include\PBXProtocolInstaller.cpp(812)::GetRootKeyAndSubKey:root key:80000003 sub key:S-1-5-21-3565037766-4151068233-2738897902-1001\Software\RegisteredApplications
[22648:19208 ] [  INFO ] [23:48:48.393] c:\jenkins\workspace\Client\Client\Windows\clean\win-common\src\installer\Include\PBXProtocolInstaller.cpp(746)::Start DelProgId...
[22648:19208 ] [  INFO ] [23:48:48.393] c:\jenkins\workspace\Client\Client\Windows\clean\win-common\src\installer\Include\PBXProtocolInstaller.cpp(812)::GetRootKeyAndSubKey:root key:80000003 sub key:S-1-5-21-3565037766-4151068233-2738897902-1001\Software\Classes\ZoomPbx.zoomphonesms
[22648:19208 ] [  INFO ] [23:48:48.394] c:\jenkins\workspace\Client\Client\Windows\clean\win-common\src\installer\Include\PBXProtocolInstaller.cpp(812)::GetRootKeyAndSubKey:root key:80000003 sub key:S-1-5-21-3565037766-4151068233-2738897902-1001\Software\Classes\ZoomPbx.zoomphonesms
[22648:19208 ] [  INFO ] [23:48:48.394] c:\jenkins\workspace\Client\Client\Windows\clean\win-common\src\installer\Include\PBXProtocolInstaller.cpp(735)::Start DelInternetCall...
[22648:19208 ] [  INFO ] [23:48:48.394] c:\jenkins\workspace\Client\Client\Windows\clean\win-common\src\installer\Include\PBXProtocolInstaller.cpp(812)::GetRootKeyAndSubKey:root key:80000003 sub key:S-1-5-21-3565037766-4151068233-2738897902-1001\Software\Clients\ZoomPBX\ZoomPBX
[22648:19208 ] [  INFO ] [23:48:48.394] c:\jenkins\workspace\Client\Client\Windows\clean\win-common\src\installer\Include\PBXProtocolInstaller.cpp(696)::Start ResetProtoShellOpenCmd...
[22648:19208 ] [  INFO ] [23:48:48.394] c:\jenkins\workspace\Client\Client\Windows\clean\win-common\src\installer\Include\PBXProtocolInstaller.cpp(812)::GetRootKeyAndSubKey:root key:80000003 sub key:S-1-5-21-3565037766-4151068233-2738897902-1001\Software\Classes\ZoomPhoneSMS
[22648:19208 ] [  INFO ] [23:48:48.394] c:\jenkins\workspace\Client\Client\Windows\clean\win-common\src\installer\Include\PBXProtocolInstaller.cpp(509)::Start ClearDefaultProtocolHandler...
[22648:19208 ] [  INFO ] [23:48:48.394] c:\jenkins\workspace\Client\Client\Windows\clean\win-common\src\installer\Include\PBXProtocolInstaller.cpp(812)::GetRootKeyAndSubKey:root key:80000003 sub key:S-1-5-21-3565037766-4151068233-2738897902-1001\Software\Microsoft\Windows\Shell\Associations\UrlAssociations\ZoomPhoneSMS\UserChoice
[22648:19208 ] [ ERROR ] [23:48:48.394] c:\jenkins\workspace\Client\Client\Windows\clean\win-common\src\installer\Include\PBXProtocolInstaller.cpp(526)::RegQueryValueEx fail,error code:2
[22648:19208 ] [  INFO ] [23:48:48.394] c:\jenkins\workspace\Client\Client\Windows\clean\win-common\src\installer\Include\PBXProtocolInstaller.cpp(214)::Start UninstallProtocolImpl:protocol:callto progid:ZoomPbx.callto client key:ZoomPBX sid:S-1-5-21-3565037766-4151068233-2738897902-1001 install_for_all_user:0
[22648:19208 ] [  INFO ] [23:48:48.394] c:\jenkins\workspace\Client\Client\Windows\clean\win-common\src\installer\Include\PBXProtocolInstaller.cpp(789)::Start DelRegApp...
[22648:19208 ] [  INFO ] [23:48:48.394] c:\jenkins\workspace\Client\Client\Windows\clean\win-common\src\installer\Include\PBXProtocolInstaller.cpp(812)::GetRootKeyAndSubKey:root key:80000003 sub key:S-1-5-21-3565037766-4151068233-2738897902-1001\Software\RegisteredApplications
[22648:19208 ] [  INFO ] [23:48:48.394] c:\jenkins\workspace\Client\Client\Windows\clean\win-common\src\installer\Include\PBXProtocolInstaller.cpp(746)::Start DelProgId...
[22648:19208 ] [  INFO ] [23:48:48.394] c:\jenkins\workspace\Client\Client\Windows\clean\win-common\src\installer\Include\PBXProtocolInstaller.cpp(812)::GetRootKeyAndSubKey:root key:80000003 sub key:S-1-5-21-3565037766-4151068233-2738897902-1001\Software\Classes\ZoomPbx.callto
[22648:19208 ] [  INFO ] [23:48:48.396] c:\jenkins\workspace\Client\Client\Windows\clean\win-common\src\installer\Include\PBXProtocolInstaller.cpp(812)::GetRootKeyAndSubKey:root key:80000003 sub key:S-1-5-21-3565037766-4151068233-2738897902-1001\Software\Classes\ZoomPbx.callto
[22648:19208 ] [  INFO ] [23:48:48.396] c:\jenkins\workspace\Client\Client\Windows\clean\win-common\src\installer\Include\PBXProtocolInstaller.cpp(735)::Start DelInternetCall...
[22648:19208 ] [  INFO ] [23:48:48.396] c:\jenkins\workspace\Client\Client\Windows\clean\win-common\src\installer\Include\PBXProtocolInstaller.cpp(812)::GetRootKeyAndSubKey:root key:80000003 sub key:S-1-5-21-3565037766-4151068233-2738897902-1001\Software\Clients\ZoomPBX\ZoomPBX
[22648:19208 ] [  INFO ] [23:48:48.396] c:\jenkins\workspace\Client\Client\Windows\clean\win-common\src\installer\Include\PBXProtocolInstaller.cpp(696)::Start ResetProtoShellOpenCmd...
[22648:19208 ] [  INFO ] [23:48:48.396] c:\jenkins\workspace\Client\Client\Windows\clean\win-common\src\installer\Include\PBXProtocolInstaller.cpp(812)::GetRootKeyAndSubKey:root key:80000003 sub key:S-1-5-21-3565037766-4151068233-2738897902-1001\Software\Classes\callto
[22648:19208 ] [  INFO ] [23:48:48.396] c:\jenkins\workspace\Client\Client\Windows\clean\win-common\src\installer\Include\PBXProtocolInstaller.cpp(509)::Start ClearDefaultProtocolHandler...
[22648:19208 ] [  INFO ] [23:48:48.396] c:\jenkins\workspace\Client\Client\Windows\clean\win-common\src\installer\Include\PBXProtocolInstaller.cpp(812)::GetRootKeyAndSubKey:root key:80000003 sub key:S-1-5-21-3565037766-4151068233-2738897902-1001\Software\Microsoft\Windows\Shell\Associations\UrlAssociations\callto\UserChoice
[22648:19208 ] [ ERROR ] [23:48:48.396] c:\jenkins\workspace\Client\Client\Windows\clean\win-common\src\installer\Include\PBXProtocolInstaller.cpp(526)::RegQueryValueEx fail,error code:2
[22648:19208 ] [  INFO ] [23:48:48.397] c:\jenkins\workspace\Client\Client\Windows\clean\win-common\src\installer\Include\PBXProtocolInstaller.cpp(214)::Start UninstallProtocolImpl:protocol:tel progid:ZoomPbx.tel client key:ZoomPBX sid:S-1-5-21-3565037766-4151068233-2738897902-1001 install_for_all_user:0
[22648:19208 ] [  INFO ] [23:48:48.397] c:\jenkins\workspace\Client\Client\Windows\clean\win-common\src\installer\Include\PBXProtocolInstaller.cpp(789)::Start DelRegApp...
[22648:19208 ] [  INFO ] [23:48:48.397] c:\jenkins\workspace\Client\Client\Windows\clean\win-common\src\installer\Include\PBXProtocolInstaller.cpp(812)::GetRootKeyAndSubKey:root key:80000003 sub key:S-1-5-21-3565037766-4151068233-2738897902-1001\Software\RegisteredApplications
[22648:19208 ] [  INFO ] [23:48:48.397] c:\jenkins\workspace\Client\Client\Windows\clean\win-common\src\installer\Include\PBXProtocolInstaller.cpp(746)::Start DelProgId...
[22648:19208 ] [  INFO ] [23:48:48.397] c:\jenkins\workspace\Client\Client\Windows\clean\win-common\src\installer\Include\PBXProtocolInstaller.cpp(812)::GetRootKeyAndSubKey:root key:80000003 sub key:S-1-5-21-3565037766-4151068233-2738897902-1001\Software\Classes\ZoomPbx.tel
[22648:19208 ] [  INFO ] [23:48:48.397] c:\jenkins\workspace\Client\Client\Windows\clean\win-common\src\installer\Include\PBXProtocolInstaller.cpp(812)::GetRootKeyAndSubKey:root key:80000003 sub key:S-1-5-21-3565037766-4151068233-2738897902-1001\Software\Classes\ZoomPbx.tel
[22648:19208 ] [  INFO ] [23:48:48.397] c:\jenkins\workspace\Client\Client\Windows\clean\win-common\src\installer\Include\PBXProtocolInstaller.cpp(735)::Start DelInternetCall...
[22648:19208 ] [  INFO ] [23:48:48.397] c:\jenkins\workspace\Client\Client\Windows\clean\win-common\src\installer\Include\PBXProtocolInstaller.cpp(812)::GetRootKeyAndSubKey:root key:80000003 sub key:S-1-5-21-3565037766-4151068233-2738897902-1001\Software\Clients\ZoomPBX\ZoomPBX
[22648:19208 ] [  INFO ] [23:48:48.397] c:\jenkins\workspace\Client\Client\Windows\clean\win-common\src\installer\Include\PBXProtocolInstaller.cpp(696)::Start ResetProtoShellOpenCmd...
[22648:19208 ] [  INFO ] [23:48:48.397] c:\jenkins\workspace\Client\Client\Windows\clean\win-common\src\installer\Include\PBXProtocolInstaller.cpp(812)::GetRootKeyAndSubKey:root key:80000003 sub key:S-1-5-21-3565037766-4151068233-2738897902-1001\Software\Classes\tel
[22648:19208 ] [  INFO ] [23:48:48.397] c:\jenkins\workspace\Client\Client\Windows\clean\win-common\src\installer\Include\PBXProtocolInstaller.cpp(509)::Start ClearDefaultProtocolHandler...
[22648:19208 ] [  INFO ] [23:48:48.397] c:\jenkins\workspace\Client\Client\Windows\clean\win-common\src\installer\Include\PBXProtocolInstaller.cpp(812)::GetRootKeyAndSubKey:root key:80000003 sub key:S-1-5-21-3565037766-4151068233-2738897902-1001\Software\Microsoft\Windows\Shell\Associations\UrlAssociations\tel\UserChoice
[22648:19208 ] [ ERROR ] [23:48:48.397] c:\jenkins\workspace\Client\Client\Windows\clean\win-common\src\installer\Include\PBXProtocolInstaller.cpp(526)::RegQueryValueEx fail,error code:2
[22648:19208 ] [  INFO ] [23:48:48.398] c:\jenkins\workspace\Client\Client\Windows\clean\win-common\src\installer\Include\PBXProtocolInstaller.cpp(80)::Finish Uninstall Protocol
[22648:19208 ] [  INFO ] [23:48:48.398] c:\jenkins\workspace\Client\Client\Windows\clean\win-common\src\installer\Include\PBXProtocolInstaller.cpp(40)::AddProtocol:protocol:IM progid:ZoomPbx.im client key name:ZoomIM cmd:
[22648:19208 ] [  INFO ] [23:48:48.398] c:\jenkins\workspace\Client\Client\Windows\clean\win-common\src\installer\Include\PBXProtocolInstaller.cpp(72)::Start Uninstall Protocol... user sid:S-1-5-21-3565037766-4151068233-2738897902-1001 for_all_user:0
[22648:19208 ] [  INFO ] [23:48:48.398] c:\jenkins\workspace\Client\Client\Windows\clean\win-common\src\installer\Include\PBXProtocolInstaller.cpp(214)::Start UninstallProtocolImpl:protocol:IM progid:ZoomPbx.im client key:ZoomIM sid:S-1-5-21-3565037766-4151068233-2738897902-1001 install_for_all_user:0
[22648:19208 ] [  INFO ] [23:48:48.398] c:\jenkins\workspace\Client\Client\Windows\clean\win-common\src\installer\Include\PBXProtocolInstaller.cpp(789)::Start DelRegApp...
[22648:19208 ] [  INFO ] [23:48:48.399] c:\jenkins\workspace\Client\Client\Windows\clean\win-common\src\installer\Include\PBXProtocolInstaller.cpp(812)::GetRootKeyAndSubKey:root key:80000003 sub key:S-1-5-21-3565037766-4151068233-2738897902-1001\Software\RegisteredApplications
[22648:19208 ] [  INFO ] [23:48:48.399] c:\jenkins\workspace\Client\Client\Windows\clean\win-common\src\installer\Include\PBXProtocolInstaller.cpp(746)::Start DelProgId...
[22648:19208 ] [  INFO ] [23:48:48.399] c:\jenkins\workspace\Client\Client\Windows\clean\win-common\src\installer\Include\PBXProtocolInstaller.cpp(812)::GetRootKeyAndSubKey:root key:80000003 sub key:S-1-5-21-3565037766-4151068233-2738897902-1001\Software\Classes\ZoomPbx.im
[22648:19208 ] [  INFO ] [23:48:48.399] c:\jenkins\workspace\Client\Client\Windows\clean\win-common\src\installer\Include\PBXProtocolInstaller.cpp(812)::GetRootKeyAndSubKey:root key:80000003 sub key:S-1-5-21-3565037766-4151068233-2738897902-1001\Software\Classes\ZoomPbx.im
[22648:19208 ] [  INFO ] [23:48:48.399] c:\jenkins\workspace\Client\Client\Windows\clean\win-common\src\installer\Include\PBXProtocolInstaller.cpp(735)::Start DelInternetCall...
[22648:19208 ] [  INFO ] [23:48:48.399] c:\jenkins\workspace\Client\Client\Windows\clean\win-common\src\installer\Include\PBXProtocolInstaller.cpp(812)::GetRootKeyAndSubKey:root key:80000003 sub key:S-1-5-21-3565037766-4151068233-2738897902-1001\Software\Clients\ZoomPBX\ZoomIM
[22648:19208 ] [  INFO ] [23:48:48.399] c:\jenkins\workspace\Client\Client\Windows\clean\win-common\src\installer\Include\PBXProtocolInstaller.cpp(696)::Start ResetProtoShellOpenCmd...
[22648:19208 ] [  INFO ] [23:48:48.399] c:\jenkins\workspace\Client\Client\Windows\clean\win-common\src\installer\Include\PBXProtocolInstaller.cpp(812)::GetRootKeyAndSubKey:root key:80000003 sub key:S-1-5-21-3565037766-4151068233-2738897902-1001\Software\Classes\IM
[22648:19208 ] [  INFO ] [23:48:48.399] c:\jenkins\workspace\Client\Client\Windows\clean\win-common\src\installer\Include\PBXProtocolInstaller.cpp(509)::Start ClearDefaultProtocolHandler...
[22648:19208 ] [  INFO ] [23:48:48.399] c:\jenkins\workspace\Client\Client\Windows\clean\win-common\src\installer\Include\PBXProtocolInstaller.cpp(812)::GetRootKeyAndSubKey:root key:80000003 sub key:S-1-5-21-3565037766-4151068233-2738897902-1001\Software\Microsoft\Windows\Shell\Associations\UrlAssociations\IM\UserChoice
[22648:19208 ] [ ERROR ] [23:48:48.399] c:\jenkins\workspace\Client\Client\Windows\clean\win-common\src\installer\Include\PBXProtocolInstaller.cpp(526)::RegQueryValueEx fail,error code:2
[22648:19208 ] [  INFO ] [23:48:48.399] c:\jenkins\workspace\Client\Client\Windows\clean\win-common\src\installer\Include\PBXProtocolInstaller.cpp(80)::Finish Uninstall Protocol
[22648:19208 ] [  INFO ] [23:48:48.399] c:\jenkins\workspace\Client\Client\Windows\clean\win-common\src\installer\Include\ZoomRegUtil.cpp(149)::[__RecurseDeleteKey] forAllUser:0, user_sid:S-1-5-21-3565037766-4151068233-2738897902-1001 Ret:2 Error:122
[22648:19208 ] [  INFO ] [23:48:48.399] c:\jenkins\workspace\Client\Client\Windows\clean\win-common\src\installer\Include\PBXProtocolInstaller.cpp(40)::AddProtocol:protocol:sip progid:ZoomMeeting.sip client key name:ZoomSipUri cmd:
[22648:19208 ] [  INFO ] [23:48:48.399] c:\jenkins\workspace\Client\Client\Windows\clean\win-common\src\installer\Include\PBXProtocolInstaller.cpp(72)::Start Uninstall Protocol... user sid:S-1-5-21-3565037766-4151068233-2738897902-1001 for_all_user:0
[22648:19208 ] [  INFO ] [23:48:48.399] c:\jenkins\workspace\Client\Client\Windows\clean\win-common\src\installer\Include\PBXProtocolInstaller.cpp(214)::Start UninstallProtocolImpl:protocol:sip progid:ZoomMeeting.sip client key:ZoomSipUri sid:S-1-5-21-3565037766-4151068233-2738897902-1001 install_for_all_user:0
[22648:19208 ] [  INFO ] [23:48:48.399] c:\jenkins\workspace\Client\Client\Windows\clean\win-common\src\installer\Include\PBXProtocolInstaller.cpp(789)::Start DelRegApp...
[22648:19208 ] [  INFO ] [23:48:48.399] c:\jenkins\workspace\Client\Client\Windows\clean\win-common\src\installer\Include\PBXProtocolInstaller.cpp(812)::GetRootKeyAndSubKey:root key:80000003 sub key:S-1-5-21-3565037766-4151068233-2738897902-1001\Software\RegisteredApplications
[22648:19208 ] [  INFO ] [23:48:48.401] c:\jenkins\workspace\Client\Client\Windows\clean\win-common\src\installer\Include\PBXProtocolInstaller.cpp(746)::Start DelProgId...
[22648:19208 ] [  INFO ] [23:48:48.401] c:\jenkins\workspace\Client\Client\Windows\clean\win-common\src\installer\Include\PBXProtocolInstaller.cpp(812)::GetRootKeyAndSubKey:root key:80000003 sub key:S-1-5-21-3565037766-4151068233-2738897902-1001\Software\Classes\ZoomMeeting.sip
[22648:19208 ] [  INFO ] [23:48:48.401] c:\jenkins\workspace\Client\Client\Windows\clean\win-common\src\installer\Include\PBXProtocolInstaller.cpp(812)::GetRootKeyAndSubKey:root key:80000003 sub key:S-1-5-21-3565037766-4151068233-2738897902-1001\Software\Classes\ZoomMeeting.sip
[22648:19208 ] [  INFO ] [23:48:48.401] c:\jenkins\workspace\Client\Client\Windows\clean\win-common\src\installer\Include\PBXProtocolInstaller.cpp(735)::Start DelInternetCall...
[22648:19208 ] [  INFO ] [23:48:48.401] c:\jenkins\workspace\Client\Client\Windows\clean\win-common\src\installer\Include\PBXProtocolInstaller.cpp(812)::GetRootKeyAndSubKey:root key:80000003 sub key:S-1-5-21-3565037766-4151068233-2738897902-1001\Software\Clients\ZoomPBX\ZoomSipUri
[22648:19208 ] [  INFO ] [23:48:48.401] c:\jenkins\workspace\Client\Client\Windows\clean\win-common\src\installer\Include\PBXProtocolInstaller.cpp(696)::Start ResetProtoShellOpenCmd...
[22648:19208 ] [  INFO ] [23:48:48.401] c:\jenkins\workspace\Client\Client\Windows\clean\win-common\src\installer\Include\PBXProtocolInstaller.cpp(812)::GetRootKeyAndSubKey:root key:80000003 sub key:S-1-5-21-3565037766-4151068233-2738897902-1001\Software\Classes\sip
[22648:19208 ] [  INFO ] [23:48:48.401] c:\jenkins\workspace\Client\Client\Windows\clean\win-common\src\installer\Include\PBXProtocolInstaller.cpp(509)::Start ClearDefaultProtocolHandler...
[22648:19208 ] [  INFO ] [23:48:48.401] c:\jenkins\workspace\Client\Client\Windows\clean\win-common\src\installer\Include\PBXProtocolInstaller.cpp(812)::GetRootKeyAndSubKey:root key:80000003 sub key:S-1-5-21-3565037766-4151068233-2738897902-1001\Software\Microsoft\Windows\Shell\Associations\UrlAssociations\sip\UserChoice
[22648:19208 ] [ ERROR ] [23:48:48.401] c:\jenkins\workspace\Client\Client\Windows\clean\win-common\src\installer\Include\PBXProtocolInstaller.cpp(526)::RegQueryValueEx fail,error code:2
[22648:19208 ] [  INFO ] [23:48:48.401] c:\jenkins\workspace\Client\Client\Windows\clean\win-common\src\installer\Include\PBXProtocolInstaller.cpp(80)::Finish Uninstall Protocol
[22648:19208 ] [  INFO ] [23:48:48.401] c:\jenkins\workspace\Client\Client\Windows\clean\win-common\src\installer\Include\ZoomRegUtil.cpp(92)::[__OpenRegKey] For all user:0, User SID:S-1-5-21-3565037766-4151068233-2738897902-1001, Path:Software\Microsoft\Windows\CurrentVersion\Uninstall, Flag:131103, Ret:0, Error:122
[22648:19208 ] [  INFO ] [23:48:48.402] c:\jenkins\workspace\Client\Client\Windows\clean\win-common\src\installer\Include\ZoomRegUtil.cpp(522)::[UnRegZoomInstaller] Uninstall return: 2 User SID:S-1-5-21-3565037766-4151068233-2738897902-1001 error code:122
[22648:19208 ] [  INFO ] [23:48:48.402] c:\jenkins\workspace\Client\Client\Windows\clean\win-common\src\installer\Include\ZoomRegUtil.cpp(92)::[__OpenRegKey] For all user:0, User SID:S-1-5-21-3565037766-4151068233-2738897902-1001, Path:Software\Microsoft\Windows\CurrentVersion\Run, Flag:131103, Ret:0, Error:122
[22648:19208 ] [  INFO ] [23:48:48.402] c:\jenkins\workspace\Client\Client\Windows\clean\win-common\src\installer\Include\ZoomRegUtil.cpp(1110)::[UnRegAutoStart] Uninstall return: 2 ForAll:0 User SID:S-1-5-21-3565037766-4151068233-2738897902-1001 error code:122
[22648:19208 ] [  INFO ] [23:48:48.402] c:\jenkins\workspace\Client\Client\Windows\clean\client-app-common\BrowserEmbedding\Common\PrsBrowserEmulation.cpp(305)::[UnregBrowserEmulation] forAllUsers:0 Path:S-1-5-21-3565037766-4151068233-2738897902-1001\Software\Microsoft\Internet Explorer\Main\FeatureControl\FEATURE_BROWSER_EMULATION Success:0 Error:122
[22648:19208 ] [  INFO ] [23:48:48.402] c:\jenkins\workspace\Client\Client\Windows\clean\win-common\src\installer\Include\ZoomRegUtil.cpp(92)::[__OpenRegKey] For all user:0, User SID:S-1-5-21-3565037766-4151068233-2738897902-1001, Path:Software\ZoomUMX, Flag:131103, Ret:2, Error:122
[22648:19208 ] [  INFO ] [23:48:48.402] c:\jenkins\workspace\Client\Client\Windows\clean\win-common\src\installer\Include\ZoomRegUtil.cpp(1391)::[UnregProductConfig] Uninstall return: 2 ForAll:0 User SID:S-1-5-21-3565037766-4151068233-2738897902-1001 Key:PerInstall WOW64_flag:0 error code:122
[22648:19208 ] [  INFO ] [23:48:48.402] c:\jenkins\workspace\Client\Client\Windows\clean\win-common\src\installer\Include\ZoomRegUtil.cpp(92)::[__OpenRegKey] For all user:0, User SID:S-1-5-21-3565037766-4151068233-2738897902-1001, Path:Software\ZoomUMX, Flag:131359, Ret:2, Error:122
[22648:19208 ] [  INFO ] [23:48:48.402] c:\jenkins\workspace\Client\Client\Windows\clean\win-common\src\installer\Include\ZoomRegUtil.cpp(1391)::[UnregProductConfig] Uninstall return: 2 ForAll:0 User SID:S-1-5-21-3565037766-4151068233-2738897902-1001 Key:PerInstall WOW64_flag:1 error code:122
[22648:19208 ] [  INFO ] [23:48:48.402] c:\jenkins\workspace\Client\Client\Windows\clean\win-common\src\installer\Include\ZoomRegUtil.cpp(92)::[__OpenRegKey] For all user:0, User SID:S-1-5-21-3565037766-4151068233-2738897902-1001, Path:SOFTWARE\Microsoft\Windows NT\CurrentVersion\AppCompatFlags\Layers, Flag:131359, Ret:0, Error:122
[22648:19208 ] [  INFO ] [23:48:48.402] c:\jenkins\workspace\Client\Client\Windows\clean\win-common\src\installer\Include\IMPluginWrapper.cpp(104)::[ClearRegInfo] user_sid:S-1-5-21-3565037766-4151068233-2738897902-1001
[22648:19208 ] [  INFO ] [23:48:48.404] c:\jenkins\workspace\Client\Client\Windows\clean\win-common\src\installer\Include\IMPluginWrapper.cpp(206)::[IsZMOutlookIMPluginRegistered]  key.Open STR_REGISTER_IM_PROVIDERS failed! lResult:2
[22648:19208 ] [  INFO ] [23:48:48.404] c:\jenkins\workspace\Client\Client\Windows\clean\win-common\src\installer\Include\IMPluginWrapper.cpp(120)::[ClearRegInfo] End!!
[22648:19208 ] [ ERROR ] [23:48:48.405] c:\jenkins\workspace\Client\Client\Windows\clean\win-common\src\installer\Include\task_scheduler.cpp(248)::[TaskScheduler::RemoveTask] Failed to remove schedule task, error: -2147024894
[22648:19208 ] [  INFO ] [23:48:48.405] c:\jenkins\workspace\Client\Client\Windows\clean\win-common\src\installer\Include\ZoomRegUtil.cpp(149)::[__RecurseDeleteKey] forAllUser:0, user_sid:S-1-5-21-3565037766-4151068233-2738897902-1001 Ret:2 Error:2
[22648:19208 ] [  INFO ] [23:48:48.405] c:\jenkins\workspace\Client\Client\Windows\clean\win-common\src\installer\NoMSIInstaller\PureClean\ZoomPerUserCleaner.cpp(741)::[CPerUserCleaner::CleanOneProfile] UserSID:S-1-5-21-3565037766-4151068233-2738897902-1001
	UserPath:*****
	AppDataRoamingPath:*****
	AppDataLocalPath:*****
	Desktop:*****
	StartMenu:*****
	Clean Roaming ret:1
	Clean Local ret:1
	Clean Short-cuts ret:1
	Error:2
[22648:19208 ] [  INFO ] [23:48:48.407] c:\jenkins\workspace\Client\Client\Windows\clean\win-common\src\installer\NoMSIInstaller\PureClean\ImpersonationHelper.cpp(294)::[CWorker::EndImpersonate] For SID:S-1-5-21-3565037766-4151068233-2738897902-1001 Impersonate Success:1
[22648:27816 ] [  INFO ] [23:48:48.407] c:\jenkins\workspace\Client\Client\Windows\clean\win-common\src\installer\NoMSIInstaller\PureClean\ZoomPerUserCleaner.cpp(615)::[CPerUserCleaner::TryToCleanOneProfile] End to clean with impersonation for: S-1-5-21-3565037766-4151068233-2738897902-1001 Path:C:\User... Success:1
[22648:27816 ] [  INFO ] [23:48:48.407] c:\jenkins\workspace\Client\Client\Windows\clean\win-common\src\installer\NoMSIInstaller\PureClean\ZoomPerUserCleaner.cpp(607)::[CPerUserCleaner::TryToCleanOneProfile] Begin to clean with impersonation for: S-1-5-21-3565037766-4151068233-2738897902-1108 Path:C:\Users\Z...
[22648:27816 ] [  INFO ] [23:48:48.407] c:\jenkins\workspace\Client\Client\Windows\clean\win-common\src\installer\NoMSIInstaller\PureClean\ImpersonationHelper.cpp(181)::[CWorker::CreateWith] Valid:1 Session-ID:S-1-5-21-3565037766-4151068233-2738897902-1108
[22648:23756 ] [  INFO ] [23:48:48.411] c:\jenkins\workspace\Client\Client\Windows\clean\win-common\src\installer\NoMSIInstaller\PureClean\ImpersonationHelper.cpp(245)::[CWorker::BeginImpersonate] For SID:S-1-5-21-3565037766-4151068233-2738897902-1108 To Impersonate PID:0 Total process count:244
[22648:23756 ] [  INFO ] [23:48:48.411] c:\jenkins\workspace\Client\Client\Windows\clean\win-common\src\installer\NoMSIInstaller\PureClean\ImpersonationHelper.cpp(262)::[CWorker::BeginImpersonate] End for SID:S-1-5-21-3565037766-4151068233-2738897902-1108 To Impersonate PID:0 Success:0
[22648:23756 ] [  INFO ] [23:48:48.411] c:\jenkins\workspace\Client\Client\Windows\clean\win-common\src\installer\NoMSIInstaller\PureClean\ImpersonationHelper.cpp(315)::[CWorker::ThreadProc] SID:S-1-5-21-3565037766-4151068233-2738897902-1108 Impersonate Success:0 Continue:0
[22648:27816 ] [  INFO ] [23:48:48.411] c:\jenkins\workspace\Client\Client\Windows\clean\win-common\src\installer\NoMSIInstaller\PureClean\ZoomPerUserCleaner.cpp(615)::[CPerUserCleaner::TryToCleanOneProfile] End to clean with impersonation for: S-1-5-21-3565037766-4151068233-2738897902-1108 Path:C:\Users\Z... Success:0
[22648:27816 ] [  INFO ] [23:48:48.411] c:\jenkins\workspace\Client\Client\Windows\clean\win-common\src\installer\NoMSIInstaller\PureClean\ZoomPerUserCleaner.cpp(607)::[CPerUserCleaner::TryToCleanOneProfile] Begin to clean with impersonation for: S-1-5-21-3565037766-4151068233-2738897902-1107 Path:C:\Users...
[22648:27816 ] [  INFO ] [23:48:48.411] c:\jenkins\workspace\Client\Client\Windows\clean\win-common\src\installer\NoMSIInstaller\PureClean\ImpersonationHelper.cpp(181)::[CWorker::CreateWith] Valid:1 Session-ID:S-1-5-21-3565037766-4151068233-2738897902-1107
[22648:9856 ] [  INFO ] [23:48:48.415] c:\jenkins\workspace\Client\Client\Windows\clean\win-common\src\installer\NoMSIInstaller\PureClean\ImpersonationHelper.cpp(245)::[CWorker::BeginImpersonate] For SID:S-1-5-21-3565037766-4151068233-2738897902-1107 To Impersonate PID:0 Total process count:244
[22648:9856 ] [  INFO ] [23:48:48.415] c:\jenkins\workspace\Client\Client\Windows\clean\win-common\src\installer\NoMSIInstaller\PureClean\ImpersonationHelper.cpp(262)::[CWorker::BeginImpersonate] End for SID:S-1-5-21-3565037766-4151068233-2738897902-1107 To Impersonate PID:0 Success:0
[22648:9856 ] [  INFO ] [23:48:48.415] c:\jenkins\workspace\Client\Client\Windows\clean\win-common\src\installer\NoMSIInstaller\PureClean\ImpersonationHelper.cpp(315)::[CWorker::ThreadProc] SID:S-1-5-21-3565037766-4151068233-2738897902-1107 Impersonate Success:0 Continue:0
[22648:27816 ] [  INFO ] [23:48:48.415] c:\jenkins\workspace\Client\Client\Windows\clean\win-common\src\installer\NoMSIInstaller\PureClean\ZoomPerUserCleaner.cpp(615)::[CPerUserCleaner::TryToCleanOneProfile] End to clean with impersonation for: S-1-5-21-3565037766-4151068233-2738897902-1107 Path:C:\Users... Success:0
[22648:27816 ] [  INFO ] [23:48:48.415] c:\jenkins\workspace\Client\Client\Windows\clean\win-common\src\installer\NoMSIInstaller\PureClean\ZoomPerUserCleaner.cpp(607)::[CPerUserCleaner::TryToCleanOneProfile] Begin to clean with impersonation for: S-1-5-21-3565037766-4151068233-2738897902-1094 Path:C:\Users\zoom1132...
[22648:27816 ] [  INFO ] [23:48:48.417] c:\jenkins\workspace\Client\Client\Windows\clean\win-common\src\installer\NoMSIInstaller\PureClean\ImpersonationHelper.cpp(181)::[CWorker::CreateWith] Valid:1 Session-ID:S-1-5-21-3565037766-4151068233-2738897902-1094
[22648:13344 ] [  INFO ] [23:48:48.419] c:\jenkins\workspace\Client\Client\Windows\clean\win-common\src\installer\NoMSIInstaller\PureClean\ImpersonationHelper.cpp(245)::[CWorker::BeginImpersonate] For SID:S-1-5-21-3565037766-4151068233-2738897902-1094 To Impersonate PID:0 Total process count:244
[22648:13344 ] [  INFO ] [23:48:48.419] c:\jenkins\workspace\Client\Client\Windows\clean\win-common\src\installer\NoMSIInstaller\PureClean\ImpersonationHelper.cpp(262)::[CWorker::BeginImpersonate] End for SID:S-1-5-21-3565037766-4151068233-2738897902-1094 To Impersonate PID:0 Success:0
[22648:13344 ] [  INFO ] [23:48:48.419] c:\jenkins\workspace\Client\Client\Windows\clean\win-common\src\installer\NoMSIInstaller\PureClean\ImpersonationHelper.cpp(315)::[CWorker::ThreadProc] SID:S-1-5-21-3565037766-4151068233-2738897902-1094 Impersonate Success:0 Continue:0
[22648:27816 ] [  INFO ] [23:48:48.421] c:\jenkins\workspace\Client\Client\Windows\clean\win-common\src\installer\NoMSIInstaller\PureClean\ZoomPerUserCleaner.cpp(615)::[CPerUserCleaner::TryToCleanOneProfile] End to clean with impersonation for: S-1-5-21-3565037766-4151068233-2738897902-1094 Path:C:\Users\zoom1132... Success:0
[22648:27816 ] [  INFO ] [23:48:48.421] c:\jenkins\workspace\Client\Client\Windows\clean\win-common\src\installer\NoMSIInstaller\PureClean\ZoomPerUserCleaner.cpp(607)::[CPerUserCleaner::TryToCleanOneProfile] Begin to clean with impersonation for: S-1-5-21-3565037766-4151068233-2738897902-1093 Path:C:\Users\zoom1132...
[22648:27816 ] [  INFO ] [23:48:48.421] c:\jenkins\workspace\Client\Client\Windows\clean\win-common\src\installer\NoMSIInstaller\PureClean\ImpersonationHelper.cpp(181)::[CWorker::CreateWith] Valid:1 Session-ID:S-1-5-21-3565037766-4151068233-2738897902-1093
[22648:6176 ] [  INFO ] [23:48:48.425] c:\jenkins\workspace\Client\Client\Windows\clean\win-common\src\installer\NoMSIInstaller\PureClean\ImpersonationHelper.cpp(245)::[CWorker::BeginImpersonate] For SID:S-1-5-21-3565037766-4151068233-2738897902-1093 To Impersonate PID:0 Total process count:244
[22648:6176 ] [  INFO ] [23:48:48.425] c:\jenkins\workspace\Client\Client\Windows\clean\win-common\src\installer\NoMSIInstaller\PureClean\ImpersonationHelper.cpp(262)::[CWorker::BeginImpersonate] End for SID:S-1-5-21-3565037766-4151068233-2738897902-1093 To Impersonate PID:0 Success:0
[22648:6176 ] [  INFO ] [23:48:48.425] c:\jenkins\workspace\Client\Client\Windows\clean\win-common\src\installer\NoMSIInstaller\PureClean\ImpersonationHelper.cpp(315)::[CWorker::ThreadProc] SID:S-1-5-21-3565037766-4151068233-2738897902-1093 Impersonate Success:0 Continue:0
[22648:27816 ] [  INFO ] [23:48:48.425] c:\jenkins\workspace\Client\Client\Windows\clean\win-common\src\installer\NoMSIInstaller\PureClean\ZoomPerUserCleaner.cpp(615)::[CPerUserCleaner::TryToCleanOneProfile] End to clean with impersonation for: S-1-5-21-3565037766-4151068233-2738897902-1093 Path:C:\Users\zoom1132... Success:0
[22648:27816 ] [  INFO ] [23:48:48.425] c:\jenkins\workspace\Client\Client\Windows\clean\win-common\src\installer\NoMSIInstaller\PureClean\ZoomPerUserCleaner.cpp(607)::[CPerUserCleaner::TryToCleanOneProfile] Begin to clean with impersonation for: S-1-5-21-3565037766-4151068233-2738897902-1092 Path:C:\Users\zoom1132...
[22648:27816 ] [  INFO ] [23:48:48.425] c:\jenkins\workspace\Client\Client\Windows\clean\win-common\src\installer\NoMSIInstaller\PureClean\ImpersonationHelper.cpp(181)::[CWorker::CreateWith] Valid:1 Session-ID:S-1-5-21-3565037766-4151068233-2738897902-1092
[22648:6704 ] [  INFO ] [23:48:48.431] c:\jenkins\workspace\Client\Client\Windows\clean\win-common\src\installer\NoMSIInstaller\PureClean\ImpersonationHelper.cpp(245)::[CWorker::BeginImpersonate] For SID:S-1-5-21-3565037766-4151068233-2738897902-1092 To Impersonate PID:0 Total process count:244
[22648:6704 ] [  INFO ] [23:48:48.431] c:\jenkins\workspace\Client\Client\Windows\clean\win-common\src\installer\NoMSIInstaller\PureClean\ImpersonationHelper.cpp(262)::[CWorker::BeginImpersonate] End for SID:S-1-5-21-3565037766-4151068233-2738897902-1092 To Impersonate PID:0 Success:0
[22648:6704 ] [  INFO ] [23:48:48.431] c:\jenkins\workspace\Client\Client\Windows\clean\win-common\src\installer\NoMSIInstaller\PureClean\ImpersonationHelper.cpp(315)::[CWorker::ThreadProc] SID:S-1-5-21-3565037766-4151068233-2738897902-1092 Impersonate Success:0 Continue:0
[22648:27816 ] [  INFO ] [23:48:48.431] c:\jenkins\workspace\Client\Client\Windows\clean\win-common\src\installer\NoMSIInstaller\PureClean\ZoomPerUserCleaner.cpp(615)::[CPerUserCleaner::TryToCleanOneProfile] End to clean with impersonation for: S-1-5-21-3565037766-4151068233-2738897902-1092 Path:C:\Users\zoom1132... Success:0
[22648:27816 ] [  INFO ] [23:48:48.431] c:\jenkins\workspace\Client\Client\Windows\clean\win-common\src\installer\NoMSIInstaller\PureClean\ZoomPerUserCleaner.cpp(607)::[CPerUserCleaner::TryToCleanOneProfile] Begin to clean with impersonation for: S-1-5-21-3565037766-4151068233-2738897902-1091 Path:C:\Users\zoom1132...
[22648:27816 ] [  INFO ] [23:48:48.431] c:\jenkins\workspace\Client\Client\Windows\clean\win-common\src\installer\NoMSIInstaller\PureClean\ImpersonationHelper.cpp(181)::[CWorker::CreateWith] Valid:1 Session-ID:S-1-5-21-3565037766-4151068233-2738897902-1091
[22648:26228 ] [  INFO ] [23:48:48.435] c:\jenkins\workspace\Client\Client\Windows\clean\win-common\src\installer\NoMSIInstaller\PureClean\ImpersonationHelper.cpp(245)::[CWorker::BeginImpersonate] For SID:S-1-5-21-3565037766-4151068233-2738897902-1091 To Impersonate PID:0 Total process count:244
[22648:26228 ] [  INFO ] [23:48:48.435] c:\jenkins\workspace\Client\Client\Windows\clean\win-common\src\installer\NoMSIInstaller\PureClean\ImpersonationHelper.cpp(262)::[CWorker::BeginImpersonate] End for SID:S-1-5-21-3565037766-4151068233-2738897902-1091 To Impersonate PID:0 Success:0
[22648:26228 ] [  INFO ] [23:48:48.435] c:\jenkins\workspace\Client\Client\Windows\clean\win-common\src\installer\NoMSIInstaller\PureClean\ImpersonationHelper.cpp(315)::[CWorker::ThreadProc] SID:S-1-5-21-3565037766-4151068233-2738897902-1091 Impersonate Success:0 Continue:0
[22648:27816 ] [  INFO ] [23:48:48.435] c:\jenkins\workspace\Client\Client\Windows\clean\win-common\src\installer\NoMSIInstaller\PureClean\ZoomPerUserCleaner.cpp(615)::[CPerUserCleaner::TryToCleanOneProfile] End to clean with impersonation for: S-1-5-21-3565037766-4151068233-2738897902-1091 Path:C:\Users\zoom1132... Success:0
[22648:27816 ] [  INFO ] [23:48:48.435] c:\jenkins\workspace\Client\Client\Windows\clean\win-common\src\installer\NoMSIInstaller\PureClean\ZoomPerUserCleaner.cpp(607)::[CPerUserCleaner::TryToCleanOneProfile] Begin to clean with impersonation for: S-1-5-21-3565037766-4151068233-2738897902-1090 Path:C:\Users\zoom1132...
[22648:27816 ] [  INFO ] [23:48:48.435] c:\jenkins\workspace\Client\Client\Windows\clean\win-common\src\installer\NoMSIInstaller\PureClean\ImpersonationHelper.cpp(181)::[CWorker::CreateWith] Valid:1 Session-ID:S-1-5-21-3565037766-4151068233-2738897902-1090
[22648:6848 ] [  INFO ] [23:48:48.439] c:\jenkins\workspace\Client\Client\Windows\clean\win-common\src\installer\NoMSIInstaller\PureClean\ImpersonationHelper.cpp(245)::[CWorker::BeginImpersonate] For SID:S-1-5-21-3565037766-4151068233-2738897902-1090 To Impersonate PID:0 Total process count:244
[22648:6848 ] [  INFO ] [23:48:48.441] c:\jenkins\workspace\Client\Client\Windows\clean\win-common\src\installer\NoMSIInstaller\PureClean\ImpersonationHelper.cpp(262)::[CWorker::BeginImpersonate] End for SID:S-1-5-21-3565037766-4151068233-2738897902-1090 To Impersonate PID:0 Success:0
[22648:6848 ] [  INFO ] [23:48:48.441] c:\jenkins\workspace\Client\Client\Windows\clean\win-common\src\installer\NoMSIInstaller\PureClean\ImpersonationHelper.cpp(315)::[CWorker::ThreadProc] SID:S-1-5-21-3565037766-4151068233-2738897902-1090 Impersonate Success:0 Continue:0
[22648:27816 ] [  INFO ] [23:48:48.441] c:\jenkins\workspace\Client\Client\Windows\clean\win-common\src\installer\NoMSIInstaller\PureClean\ZoomPerUserCleaner.cpp(615)::[CPerUserCleaner::TryToCleanOneProfile] End to clean with impersonation for: S-1-5-21-3565037766-4151068233-2738897902-1090 Path:C:\Users\zoom1132... Success:0
[22648:27816 ] [  INFO ] [23:48:48.441] c:\jenkins\workspace\Client\Client\Windows\clean\win-common\src\installer\NoMSIInstaller\PureClean\ZoomPerUserCleaner.cpp(607)::[CPerUserCleaner::TryToCleanOneProfile] Begin to clean with impersonation for: S-1-5-21-3565037766-4151068233-2738897902-1089 Path:C:\Users\zoom1132...
[22648:27816 ] [  INFO ] [23:48:48.441] c:\jenkins\workspace\Client\Client\Windows\clean\win-common\src\installer\NoMSIInstaller\PureClean\ImpersonationHelper.cpp(181)::[CWorker::CreateWith] Valid:1 Session-ID:S-1-5-21-3565037766-4151068233-2738897902-1089
[22648:29356 ] [  INFO ] [23:48:48.444] c:\jenkins\workspace\Client\Client\Windows\clean\win-common\src\installer\NoMSIInstaller\PureClean\ImpersonationHelper.cpp(245)::[CWorker::BeginImpersonate] For SID:S-1-5-21-3565037766-4151068233-2738897902-1089 To Impersonate PID:0 Total process count:244
[22648:29356 ] [  INFO ] [23:48:48.445] c:\jenkins\workspace\Client\Client\Windows\clean\win-common\src\installer\NoMSIInstaller\PureClean\ImpersonationHelper.cpp(262)::[CWorker::BeginImpersonate] End for SID:S-1-5-21-3565037766-4151068233-2738897902-1089 To Impersonate PID:0 Success:0
[22648:29356 ] [  INFO ] [23:48:48.445] c:\jenkins\workspace\Client\Client\Windows\clean\win-common\src\installer\NoMSIInstaller\PureClean\ImpersonationHelper.cpp(315)::[CWorker::ThreadProc] SID:S-1-5-21-3565037766-4151068233-2738897902-1089 Impersonate Success:0 Continue:0
[22648:27816 ] [  INFO ] [23:48:48.445] c:\jenkins\workspace\Client\Client\Windows\clean\win-common\src\installer\NoMSIInstaller\PureClean\ZoomPerUserCleaner.cpp(615)::[CPerUserCleaner::TryToCleanOneProfile] End to clean with impersonation for: S-1-5-21-3565037766-4151068233-2738897902-1089 Path:C:\Users\zoom1132... Success:0
[22648:27816 ] [  INFO ] [23:48:48.445] c:\jenkins\workspace\Client\Client\Windows\clean\win-common\src\installer\NoMSIInstaller\PureClean\ZoomPerUserCleaner.cpp(607)::[CPerUserCleaner::TryToCleanOneProfile] Begin to clean with impersonation for: S-1-5-21-3565037766-4151068233-2738897902-1088 Path:C:\Users\zoom1132...
[22648:27816 ] [  INFO ] [23:48:48.445] c:\jenkins\workspace\Client\Client\Windows\clean\win-common\src\installer\NoMSIInstaller\PureClean\ImpersonationHelper.cpp(181)::[CWorker::CreateWith] Valid:1 Session-ID:S-1-5-21-3565037766-4151068233-2738897902-1088
[22648:16000 ] [  INFO ] [23:48:48.450] c:\jenkins\workspace\Client\Client\Windows\clean\win-common\src\installer\NoMSIInstaller\PureClean\ImpersonationHelper.cpp(245)::[CWorker::BeginImpersonate] For SID:S-1-5-21-3565037766-4151068233-2738897902-1088 To Impersonate PID:0 Total process count:244
[22648:16000 ] [  INFO ] [23:48:48.450] c:\jenkins\workspace\Client\Client\Windows\clean\win-common\src\installer\NoMSIInstaller\PureClean\ImpersonationHelper.cpp(262)::[CWorker::BeginImpersonate] End for SID:S-1-5-21-3565037766-4151068233-2738897902-1088 To Impersonate PID:0 Success:0
[22648:16000 ] [  INFO ] [23:48:48.450] c:\jenkins\workspace\Client\Client\Windows\clean\win-common\src\installer\NoMSIInstaller\PureClean\ImpersonationHelper.cpp(315)::[CWorker::ThreadProc] SID:S-1-5-21-3565037766-4151068233-2738897902-1088 Impersonate Success:0 Continue:0
[22648:27816 ] [  INFO ] [23:48:48.450] c:\jenkins\workspace\Client\Client\Windows\clean\win-common\src\installer\NoMSIInstaller\PureClean\ZoomPerUserCleaner.cpp(615)::[CPerUserCleaner::TryToCleanOneProfile] End to clean with impersonation for: S-1-5-21-3565037766-4151068233-2738897902-1088 Path:C:\Users\zoom1132... Success:0
[22648:27816 ] [  INFO ] [23:48:48.450] c:\jenkins\workspace\Client\Client\Windows\clean\win-common\src\installer\NoMSIInstaller\PureClean\ZoomPerUserCleaner.cpp(607)::[CPerUserCleaner::TryToCleanOneProfile] Begin to clean with impersonation for: S-1-5-21-3565037766-4151068233-2738897902-1087 Path:C:\Users\zoom1132...
[22648:27816 ] [  INFO ] [23:48:48.450] c:\jenkins\workspace\Client\Client\Windows\clean\win-common\src\installer\NoMSIInstaller\PureClean\ImpersonationHelper.cpp(181)::[CWorker::CreateWith] Valid:1 Session-ID:S-1-5-21-3565037766-4151068233-2738897902-1087
[22648:19796 ] [  INFO ] [23:48:48.454] c:\jenkins\workspace\Client\Client\Windows\clean\win-common\src\installer\NoMSIInstaller\PureClean\ImpersonationHelper.cpp(245)::[CWorker::BeginImpersonate] For SID:S-1-5-21-3565037766-4151068233-2738897902-1087 To Impersonate PID:0 Total process count:244
[22648:19796 ] [  INFO ] [23:48:48.454] c:\jenkins\workspace\Client\Client\Windows\clean\win-common\src\installer\NoMSIInstaller\PureClean\ImpersonationHelper.cpp(262)::[CWorker::BeginImpersonate] End for SID:S-1-5-21-3565037766-4151068233-2738897902-1087 To Impersonate PID:0 Success:0
[22648:19796 ] [  INFO ] [23:48:48.454] c:\jenkins\workspace\Client\Client\Windows\clean\win-common\src\installer\NoMSIInstaller\PureClean\ImpersonationHelper.cpp(315)::[CWorker::ThreadProc] SID:S-1-5-21-3565037766-4151068233-2738897902-1087 Impersonate Success:0 Continue:0
[22648:27816 ] [  INFO ] [23:48:48.454] c:\jenkins\workspace\Client\Client\Windows\clean\win-common\src\installer\NoMSIInstaller\PureClean\ZoomPerUserCleaner.cpp(615)::[CPerUserCleaner::TryToCleanOneProfile] End to clean with impersonation for: S-1-5-21-3565037766-4151068233-2738897902-1087 Path:C:\Users\zoom1132... Success:0
[22648:27816 ] [  INFO ] [23:48:48.456] c:\jenkins\workspace\Client\Client\Windows\clean\win-common\src\installer\NoMSIInstaller\PureClean\ZoomPerUserCleaner.cpp(607)::[CPerUserCleaner::TryToCleanOneProfile] Begin to clean with impersonation for: S-1-5-21-3565037766-4151068233-2738897902-1086 Path:C:\Users\zoom1132...
[22648:27816 ] [  INFO ] [23:48:48.456] c:\jenkins\workspace\Client\Client\Windows\clean\win-common\src\installer\NoMSIInstaller\PureClean\ImpersonationHelper.cpp(181)::[CWorker::CreateWith] Valid:1 Session-ID:S-1-5-21-3565037766-4151068233-2738897902-1086
[22648:11740 ] [  INFO ] [23:48:48.460] c:\jenkins\workspace\Client\Client\Windows\clean\win-common\src\installer\NoMSIInstaller\PureClean\ImpersonationHelper.cpp(245)::[CWorker::BeginImpersonate] For SID:S-1-5-21-3565037766-4151068233-2738897902-1086 To Impersonate PID:0 Total process count:244
[22648:11740 ] [  INFO ] [23:48:48.460] c:\jenkins\workspace\Client\Client\Windows\clean\win-common\src\installer\NoMSIInstaller\PureClean\ImpersonationHelper.cpp(262)::[CWorker::BeginImpersonate] End for SID:S-1-5-21-3565037766-4151068233-2738897902-1086 To Impersonate PID:0 Success:0
[22648:11740 ] [  INFO ] [23:48:48.460] c:\jenkins\workspace\Client\Client\Windows\clean\win-common\src\installer\NoMSIInstaller\PureClean\ImpersonationHelper.cpp(315)::[CWorker::ThreadProc] SID:S-1-5-21-3565037766-4151068233-2738897902-1086 Impersonate Success:0 Continue:0
[22648:27816 ] [  INFO ] [23:48:48.460] c:\jenkins\workspace\Client\Client\Windows\clean\win-common\src\installer\NoMSIInstaller\PureClean\ZoomPerUserCleaner.cpp(615)::[CPerUserCleaner::TryToCleanOneProfile] End to clean with impersonation for: S-1-5-21-3565037766-4151068233-2738897902-1086 Path:C:\Users\zoom1132... Success:0
[22648:27816 ] [  INFO ] [23:48:48.460] c:\jenkins\workspace\Client\Client\Windows\clean\win-common\src\installer\NoMSIInstaller\PureClean\ZoomPerUserCleaner.cpp(607)::[CPerUserCleaner::TryToCleanOneProfile] Begin to clean with impersonation for: S-1-5-21-3565037766-4151068233-2738897902-1085 Path:C:\Users\zoom1132...
[22648:27816 ] [  INFO ] [23:48:48.460] c:\jenkins\workspace\Client\Client\Windows\clean\win-common\src\installer\NoMSIInstaller\PureClean\ImpersonationHelper.cpp(181)::[CWorker::CreateWith] Valid:1 Session-ID:S-1-5-21-3565037766-4151068233-2738897902-1085
[22648:13472 ] [  INFO ] [23:48:48.464] c:\jenkins\workspace\Client\Client\Windows\clean\win-common\src\installer\NoMSIInstaller\PureClean\ImpersonationHelper.cpp(245)::[CWorker::BeginImpersonate] For SID:S-1-5-21-3565037766-4151068233-2738897902-1085 To Impersonate PID:0 Total process count:244
[22648:13472 ] [  INFO ] [23:48:48.464] c:\jenkins\workspace\Client\Client\Windows\clean\win-common\src\installer\NoMSIInstaller\PureClean\ImpersonationHelper.cpp(262)::[CWorker::BeginImpersonate] End for SID:S-1-5-21-3565037766-4151068233-2738897902-1085 To Impersonate PID:0 Success:0
[22648:13472 ] [  INFO ] [23:48:48.464] c:\jenkins\workspace\Client\Client\Windows\clean\win-common\src\installer\NoMSIInstaller\PureClean\ImpersonationHelper.cpp(315)::[CWorker::ThreadProc] SID:S-1-5-21-3565037766-4151068233-2738897902-1085 Impersonate Success:0 Continue:0
[22648:27816 ] [  INFO ] [23:48:48.464] c:\jenkins\workspace\Client\Client\Windows\clean\win-common\src\installer\NoMSIInstaller\PureClean\ZoomPerUserCleaner.cpp(615)::[CPerUserCleaner::TryToCleanOneProfile] End to clean with impersonation for: S-1-5-21-3565037766-4151068233-2738897902-1085 Path:C:\Users\zoom1132... Success:0
[22648:27816 ] [  INFO ] [23:48:48.464] c:\jenkins\workspace\Client\Client\Windows\clean\win-common\src\installer\NoMSIInstaller\PureClean\ZoomPerUserCleaner.cpp(607)::[CPerUserCleaner::TryToCleanOneProfile] Begin to clean with impersonation for: S-1-5-21-3565037766-4151068233-2738897902-1084 Path:C:\Users\zoom1132...
[22648:27816 ] [  INFO ] [23:48:48.465] c:\jenkins\workspace\Client\Client\Windows\clean\win-common\src\installer\NoMSIInstaller\PureClean\ImpersonationHelper.cpp(181)::[CWorker::CreateWith] Valid:1 Session-ID:S-1-5-21-3565037766-4151068233-2738897902-1084
[22648:5360 ] [  INFO ] [23:48:48.468] c:\jenkins\workspace\Client\Client\Windows\clean\win-common\src\installer\NoMSIInstaller\PureClean\ImpersonationHelper.cpp(245)::[CWorker::BeginImpersonate] For SID:S-1-5-21-3565037766-4151068233-2738897902-1084 To Impersonate PID:0 Total process count:244
[22648:5360 ] [  INFO ] [23:48:48.468] c:\jenkins\workspace\Client\Client\Windows\clean\win-common\src\installer\NoMSIInstaller\PureClean\ImpersonationHelper.cpp(262)::[CWorker::BeginImpersonate] End for SID:S-1-5-21-3565037766-4151068233-2738897902-1084 To Impersonate PID:0 Success:0
[22648:5360 ] [  INFO ] [23:48:48.468] c:\jenkins\workspace\Client\Client\Windows\clean\win-common\src\installer\NoMSIInstaller\PureClean\ImpersonationHelper.cpp(315)::[CWorker::ThreadProc] SID:S-1-5-21-3565037766-4151068233-2738897902-1084 Impersonate Success:0 Continue:0
[22648:27816 ] [  INFO ] [23:48:48.468] c:\jenkins\workspace\Client\Client\Windows\clean\win-common\src\installer\NoMSIInstaller\PureClean\ZoomPerUserCleaner.cpp(615)::[CPerUserCleaner::TryToCleanOneProfile] End to clean with impersonation for: S-1-5-21-3565037766-4151068233-2738897902-1084 Path:C:\Users\zoom1132... Success:0
[22648:27816 ] [  INFO ] [23:48:48.470] c:\jenkins\workspace\Client\Client\Windows\clean\win-common\src\installer\NoMSIInstaller\PureClean\ZoomPerUserCleaner.cpp(607)::[CPerUserCleaner::TryToCleanOneProfile] Begin to clean with impersonation for: S-1-5-21-3565037766-4151068233-2738897902-1083 Path:C:\Users\zoom11...
[22648:27816 ] [  INFO ] [23:48:48.470] c:\jenkins\workspace\Client\Client\Windows\clean\win-common\src\installer\NoMSIInstaller\PureClean\ImpersonationHelper.cpp(181)::[CWorker::CreateWith] Valid:1 Session-ID:S-1-5-21-3565037766-4151068233-2738897902-1083
[22648:26408 ] [  INFO ] [23:48:48.473] c:\jenkins\workspace\Client\Client\Windows\clean\win-common\src\installer\NoMSIInstaller\PureClean\ImpersonationHelper.cpp(245)::[CWorker::BeginImpersonate] For SID:S-1-5-21-3565037766-4151068233-2738897902-1083 To Impersonate PID:0 Total process count:244
[22648:26408 ] [  INFO ] [23:48:48.473] c:\jenkins\workspace\Client\Client\Windows\clean\win-common\src\installer\NoMSIInstaller\PureClean\ImpersonationHelper.cpp(262)::[CWorker::BeginImpersonate] End for SID:S-1-5-21-3565037766-4151068233-2738897902-1083 To Impersonate PID:0 Success:0
[22648:26408 ] [  INFO ] [23:48:48.474] c:\jenkins\workspace\Client\Client\Windows\clean\win-common\src\installer\NoMSIInstaller\PureClean\ImpersonationHelper.cpp(315)::[CWorker::ThreadProc] SID:S-1-5-21-3565037766-4151068233-2738897902-1083 Impersonate Success:0 Continue:0
[22648:27816 ] [  INFO ] [23:48:48.474] c:\jenkins\workspace\Client\Client\Windows\clean\win-common\src\installer\NoMSIInstaller\PureClean\ZoomPerUserCleaner.cpp(615)::[CPerUserCleaner::TryToCleanOneProfile] End to clean with impersonation for: S-1-5-21-3565037766-4151068233-2738897902-1083 Path:C:\Users\zoom11... Success:0
[22648:27816 ] [  INFO ] [23:48:48.474] c:\jenkins\workspace\Client\Client\Windows\clean\win-common\src\installer\NoMSIInstaller\PureClean\ZoomPerUserCleaner.cpp(607)::[CPerUserCleaner::TryToCleanOneProfile] Begin to clean with impersonation for: S-1-5-21-3565037766-4151068233-2738897902-1082 Path:C:\Users\zoom...
[22648:27816 ] [  INFO ] [23:48:48.474] c:\jenkins\workspace\Client\Client\Windows\clean\win-common\src\installer\NoMSIInstaller\PureClean\ImpersonationHelper.cpp(181)::[CWorker::CreateWith] Valid:1 Session-ID:S-1-5-21-3565037766-4151068233-2738897902-1082
[22648:21224 ] [  INFO ] [23:48:48.479] c:\jenkins\workspace\Client\Client\Windows\clean\win-common\src\installer\NoMSIInstaller\PureClean\ImpersonationHelper.cpp(245)::[CWorker::BeginImpersonate] For SID:S-1-5-21-3565037766-4151068233-2738897902-1082 To Impersonate PID:0 Total process count:244
[22648:21224 ] [  INFO ] [23:48:48.479] c:\jenkins\workspace\Client\Client\Windows\clean\win-common\src\installer\NoMSIInstaller\PureClean\ImpersonationHelper.cpp(262)::[CWorker::BeginImpersonate] End for SID:S-1-5-21-3565037766-4151068233-2738897902-1082 To Impersonate PID:0 Success:0
[22648:21224 ] [  INFO ] [23:48:48.479] c:\jenkins\workspace\Client\Client\Windows\clean\win-common\src\installer\NoMSIInstaller\PureClean\ImpersonationHelper.cpp(315)::[CWorker::ThreadProc] SID:S-1-5-21-3565037766-4151068233-2738897902-1082 Impersonate Success:0 Continue:0
[22648:27816 ] [  INFO ] [23:48:48.479] c:\jenkins\workspace\Client\Client\Windows\clean\win-common\src\installer\NoMSIInstaller\PureClean\ZoomPerUserCleaner.cpp(615)::[CPerUserCleaner::TryToCleanOneProfile] End to clean with impersonation for: S-1-5-21-3565037766-4151068233-2738897902-1082 Path:C:\Users\zoom... Success:0
[22648:27816 ] [  INFO ] [23:48:48.479] c:\jenkins\workspace\Client\Client\Windows\clean\win-common\src\installer\NoMSIInstaller\PureClean\ZoomPerUserCleaner.cpp(607)::[CPerUserCleaner::TryToCleanOneProfile] Begin to clean with impersonation for: S-1-5-21-3565037766-4151068233-2738897902-1071 Path:C:\Users...
[22648:27816 ] [  INFO ] [23:48:48.479] c:\jenkins\workspace\Client\Client\Windows\clean\win-common\src\installer\NoMSIInstaller\PureClean\ImpersonationHelper.cpp(181)::[CWorker::CreateWith] Valid:1 Session-ID:S-1-5-21-3565037766-4151068233-2738897902-1071
[22648:8072 ] [  INFO ] [23:48:48.483] c:\jenkins\workspace\Client\Client\Windows\clean\win-common\src\installer\NoMSIInstaller\PureClean\ImpersonationHelper.cpp(245)::[CWorker::BeginImpersonate] For SID:S-1-5-21-3565037766-4151068233-2738897902-1071 To Impersonate PID:0 Total process count:244
[22648:8072 ] [  INFO ] [23:48:48.483] c:\jenkins\workspace\Client\Client\Windows\clean\win-common\src\installer\NoMSIInstaller\PureClean\ImpersonationHelper.cpp(262)::[CWorker::BeginImpersonate] End for SID:S-1-5-21-3565037766-4151068233-2738897902-1071 To Impersonate PID:0 Success:0
[22648:8072 ] [  INFO ] [23:48:48.484] c:\jenkins\workspace\Client\Client\Windows\clean\win-common\src\installer\NoMSIInstaller\PureClean\ImpersonationHelper.cpp(315)::[CWorker::ThreadProc] SID:S-1-5-21-3565037766-4151068233-2738897902-1071 Impersonate Success:0 Continue:0
[22648:27816 ] [  INFO ] [23:48:48.484] c:\jenkins\workspace\Client\Client\Windows\clean\win-common\src\installer\NoMSIInstaller\PureClean\ZoomPerUserCleaner.cpp(615)::[CPerUserCleaner::TryToCleanOneProfile] End to clean with impersonation for: S-1-5-21-3565037766-4151068233-2738897902-1071 Path:C:\Users... Success:0
[22648:27816 ] [  INFO ] [23:48:48.484] c:\jenkins\workspace\Client\Client\Windows\clean\win-common\src\installer\NoMSIInstaller\PureClean\ZoomPerUserCleaner.cpp(607)::[CPerUserCleaner::TryToCleanOneProfile] Begin to clean with impersonation for: S-1-5-21-3565037766-4151068233-2738897902-1064 Path:C:\User...
[22648:27816 ] [  INFO ] [23:48:48.484] c:\jenkins\workspace\Client\Client\Windows\clean\win-common\src\installer\NoMSIInstaller\PureClean\ImpersonationHelper.cpp(181)::[CWorker::CreateWith] Valid:1 Session-ID:S-1-5-21-3565037766-4151068233-2738897902-1064
[22648:29328 ] [  INFO ] [23:48:48.489] c:\jenkins\workspace\Client\Client\Windows\clean\win-common\src\installer\NoMSIInstaller\PureClean\ImpersonationHelper.cpp(245)::[CWorker::BeginImpersonate] For SID:S-1-5-21-3565037766-4151068233-2738897902-1064 To Impersonate PID:0 Total process count:244
[22648:29328 ] [  INFO ] [23:48:48.489] c:\jenkins\workspace\Client\Client\Windows\clean\win-common\src\installer\NoMSIInstaller\PureClean\ImpersonationHelper.cpp(262)::[CWorker::BeginImpersonate] End for SID:S-1-5-21-3565037766-4151068233-2738897902-1064 To Impersonate PID:0 Success:0
[22648:29328 ] [  INFO ] [23:48:48.489] c:\jenkins\workspace\Client\Client\Windows\clean\win-common\src\installer\NoMSIInstaller\PureClean\ImpersonationHelper.cpp(315)::[CWorker::ThreadProc] SID:S-1-5-21-3565037766-4151068233-2738897902-1064 Impersonate Success:0 Continue:0
[22648:27816 ] [  INFO ] [23:48:48.489] c:\jenkins\workspace\Client\Client\Windows\clean\win-common\src\installer\NoMSIInstaller\PureClean\ZoomPerUserCleaner.cpp(615)::[CPerUserCleaner::TryToCleanOneProfile] End to clean with impersonation for: S-1-5-21-3565037766-4151068233-2738897902-1064 Path:C:\User... Success:0
[22648:27816 ] [  INFO ] [23:48:48.490] c:\jenkins\workspace\Client\Client\Windows\clean\win-common\src\installer\NoMSIInstaller\PureClean\ZoomPerUserCleaner.cpp(607)::[CPerUserCleaner::TryToCleanOneProfile] Begin to clean with impersonation for: S-1-5-21-3565037766-4151068233-2738897902-1063 Path:C:\User...
[22648:27816 ] [  INFO ] [23:48:48.490] c:\jenkins\workspace\Client\Client\Windows\clean\win-common\src\installer\NoMSIInstaller\PureClean\ImpersonationHelper.cpp(181)::[CWorker::CreateWith] Valid:1 Session-ID:S-1-5-21-3565037766-4151068233-2738897902-1063
[22648:21084 ] [  INFO ] [23:48:48.493] c:\jenkins\workspace\Client\Client\Windows\clean\win-common\src\installer\NoMSIInstaller\PureClean\ImpersonationHelper.cpp(245)::[CWorker::BeginImpersonate] For SID:S-1-5-21-3565037766-4151068233-2738897902-1063 To Impersonate PID:0 Total process count:244
[22648:21084 ] [  INFO ] [23:48:48.493] c:\jenkins\workspace\Client\Client\Windows\clean\win-common\src\installer\NoMSIInstaller\PureClean\ImpersonationHelper.cpp(262)::[CWorker::BeginImpersonate] End for SID:S-1-5-21-3565037766-4151068233-2738897902-1063 To Impersonate PID:0 Success:0
[22648:21084 ] [  INFO ] [23:48:48.493] c:\jenkins\workspace\Client\Client\Windows\clean\win-common\src\installer\NoMSIInstaller\PureClean\ImpersonationHelper.cpp(315)::[CWorker::ThreadProc] SID:S-1-5-21-3565037766-4151068233-2738897902-1063 Impersonate Success:0 Continue:0
[22648:27816 ] [  INFO ] [23:48:48.494] c:\jenkins\workspace\Client\Client\Windows\clean\win-common\src\installer\NoMSIInstaller\PureClean\ZoomPerUserCleaner.cpp(615)::[CPerUserCleaner::TryToCleanOneProfile] End to clean with impersonation for: S-1-5-21-3565037766-4151068233-2738897902-1063 Path:C:\User... Success:0
[22648:27816 ] [  INFO ] [23:48:48.494] c:\jenkins\workspace\Client\Client\Windows\clean\win-common\src\installer\NoMSIInstaller\PureClean\ZoomPerUserCleaner.cpp(607)::[CPerUserCleaner::TryToCleanOneProfile] Begin to clean with impersonation for: S-1-5-21-3565037766-4151068233-2738897902-1062 Path:C:\User...
[22648:27816 ] [  INFO ] [23:48:48.494] c:\jenkins\workspace\Client\Client\Windows\clean\win-common\src\installer\NoMSIInstaller\PureClean\ImpersonationHelper.cpp(181)::[CWorker::CreateWith] Valid:1 Session-ID:S-1-5-21-3565037766-4151068233-2738897902-1062
[22648:28888 ] [  INFO ] [23:48:48.498] c:\jenkins\workspace\Client\Client\Windows\clean\win-common\src\installer\NoMSIInstaller\PureClean\ImpersonationHelper.cpp(245)::[CWorker::BeginImpersonate] For SID:S-1-5-21-3565037766-4151068233-2738897902-1062 To Impersonate PID:0 Total process count:244
[22648:28888 ] [  INFO ] [23:48:48.498] c:\jenkins\workspace\Client\Client\Windows\clean\win-common\src\installer\NoMSIInstaller\PureClean\ImpersonationHelper.cpp(262)::[CWorker::BeginImpersonate] End for SID:S-1-5-21-3565037766-4151068233-2738897902-1062 To Impersonate PID:0 Success:0
[22648:28888 ] [  INFO ] [23:48:48.498] c:\jenkins\workspace\Client\Client\Windows\clean\win-common\src\installer\NoMSIInstaller\PureClean\ImpersonationHelper.cpp(315)::[CWorker::ThreadProc] SID:S-1-5-21-3565037766-4151068233-2738897902-1062 Impersonate Success:0 Continue:0
[22648:27816 ] [  INFO ] [23:48:48.498] c:\jenkins\workspace\Client\Client\Windows\clean\win-common\src\installer\NoMSIInstaller\PureClean\ZoomPerUserCleaner.cpp(615)::[CPerUserCleaner::TryToCleanOneProfile] End to clean with impersonation for: S-1-5-21-3565037766-4151068233-2738897902-1062 Path:C:\User... Success:0
[22648:27816 ] [  INFO ] [23:48:48.498] c:\jenkins\workspace\Client\Client\Windows\clean\win-common\src\installer\NoMSIInstaller\PureClean\ZoomPerUserCleaner.cpp(607)::[CPerUserCleaner::TryToCleanOneProfile] Begin to clean with impersonation for: S-1-5-21-3565037766-4151068233-2738897902-1061 Path:C:\Users\u...
[22648:27816 ] [  INFO ] [23:48:48.498] c:\jenkins\workspace\Client\Client\Windows\clean\win-common\src\installer\NoMSIInstaller\PureClean\ImpersonationHelper.cpp(181)::[CWorker::CreateWith] Valid:1 Session-ID:S-1-5-21-3565037766-4151068233-2738897902-1061
[22648:26816 ] [  INFO ] [23:48:48.503] c:\jenkins\workspace\Client\Client\Windows\clean\win-common\src\installer\NoMSIInstaller\PureClean\ImpersonationHelper.cpp(245)::[CWorker::BeginImpersonate] For SID:S-1-5-21-3565037766-4151068233-2738897902-1061 To Impersonate PID:0 Total process count:244
[22648:26816 ] [  INFO ] [23:48:48.503] c:\jenkins\workspace\Client\Client\Windows\clean\win-common\src\installer\NoMSIInstaller\PureClean\ImpersonationHelper.cpp(262)::[CWorker::BeginImpersonate] End for SID:S-1-5-21-3565037766-4151068233-2738897902-1061 To Impersonate PID:0 Success:0
[22648:26816 ] [  INFO ] [23:48:48.503] c:\jenkins\workspace\Client\Client\Windows\clean\win-common\src\installer\NoMSIInstaller\PureClean\ImpersonationHelper.cpp(315)::[CWorker::ThreadProc] SID:S-1-5-21-3565037766-4151068233-2738897902-1061 Impersonate Success:0 Continue:0
[22648:27816 ] [  INFO ] [23:48:48.503] c:\jenkins\workspace\Client\Client\Windows\clean\win-common\src\installer\NoMSIInstaller\PureClean\ZoomPerUserCleaner.cpp(615)::[CPerUserCleaner::TryToCleanOneProfile] End to clean with impersonation for: S-1-5-21-3565037766-4151068233-2738897902-1061 Path:C:\Users\u... Success:0
[22648:27816 ] [  INFO ] [23:48:48.503] c:\jenkins\workspace\Client\Client\Windows\clean\win-common\src\installer\NoMSIInstaller\PureClean\ZoomPerUserCleaner.cpp(607)::[CPerUserCleaner::TryToCleanOneProfile] Begin to clean with impersonation for: S-1-5-21-3565037766-4151068233-2738897902-1060 Path:C:\Users\u...
[22648:27816 ] [  INFO ] [23:48:48.503] c:\jenkins\workspace\Client\Client\Windows\clean\win-common\src\installer\NoMSIInstaller\PureClean\ImpersonationHelper.cpp(181)::[CWorker::CreateWith] Valid:1 Session-ID:S-1-5-21-3565037766-4151068233-2738897902-1060
[22648:131260 ] [  INFO ] [23:48:48.507] c:\jenkins\workspace\Client\Client\Windows\clean\win-common\src\installer\NoMSIInstaller\PureClean\ImpersonationHelper.cpp(245)::[CWorker::BeginImpersonate] For SID:S-1-5-21-3565037766-4151068233-2738897902-1060 To Impersonate PID:0 Total process count:244
[22648:131260 ] [  INFO ] [23:48:48.507] c:\jenkins\workspace\Client\Client\Windows\clean\win-common\src\installer\NoMSIInstaller\PureClean\ImpersonationHelper.cpp(262)::[CWorker::BeginImpersonate] End for SID:S-1-5-21-3565037766-4151068233-2738897902-1060 To Impersonate PID:0 Success:0
[22648:131260 ] [  INFO ] [23:48:48.507] c:\jenkins\workspace\Client\Client\Windows\clean\win-common\src\installer\NoMSIInstaller\PureClean\ImpersonationHelper.cpp(315)::[CWorker::ThreadProc] SID:S-1-5-21-3565037766-4151068233-2738897902-1060 Impersonate Success:0 Continue:0
[22648:27816 ] [  INFO ] [23:48:48.508] c:\jenkins\workspace\Client\Client\Windows\clean\win-common\src\installer\NoMSIInstaller\PureClean\ZoomPerUserCleaner.cpp(615)::[CPerUserCleaner::TryToCleanOneProfile] End to clean with impersonation for: S-1-5-21-3565037766-4151068233-2738897902-1060 Path:C:\Users\u... Success:0
[22648:27816 ] [  INFO ] [23:48:48.508] c:\jenkins\workspace\Client\Client\Windows\clean\win-common\src\installer\NoMSIInstaller\PureClean\ZoomPerUserCleaner.cpp(607)::[CPerUserCleaner::TryToCleanOneProfile] Begin to clean with impersonation for: S-1-5-21-3565037766-4151068233-2738897902-1059 Path:C:\Users...
[22648:27816 ] [  INFO ] [23:48:48.508] c:\jenkins\workspace\Client\Client\Windows\clean\win-common\src\installer\NoMSIInstaller\PureClean\ImpersonationHelper.cpp(181)::[CWorker::CreateWith] Valid:1 Session-ID:S-1-5-21-3565037766-4151068233-2738897902-1059
[22648:1028 ] [  INFO ] [23:48:48.512] c:\jenkins\workspace\Client\Client\Windows\clean\win-common\src\installer\NoMSIInstaller\PureClean\ImpersonationHelper.cpp(245)::[CWorker::BeginImpersonate] For SID:S-1-5-21-3565037766-4151068233-2738897902-1059 To Impersonate PID:0 Total process count:244
[22648:1028 ] [  INFO ] [23:48:48.512] c:\jenkins\workspace\Client\Client\Windows\clean\win-common\src\installer\NoMSIInstaller\PureClean\ImpersonationHelper.cpp(262)::[CWorker::BeginImpersonate] End for SID:S-1-5-21-3565037766-4151068233-2738897902-1059 To Impersonate PID:0 Success:0
[22648:1028 ] [  INFO ] [23:48:48.513] c:\jenkins\workspace\Client\Client\Windows\clean\win-common\src\installer\NoMSIInstaller\PureClean\ImpersonationHelper.cpp(315)::[CWorker::ThreadProc] SID:S-1-5-21-3565037766-4151068233-2738897902-1059 Impersonate Success:0 Continue:0
[22648:27816 ] [  INFO ] [23:48:48.513] c:\jenkins\workspace\Client\Client\Windows\clean\win-common\src\installer\NoMSIInstaller\PureClean\ZoomPerUserCleaner.cpp(615)::[CPerUserCleaner::TryToCleanOneProfile] End to clean with impersonation for: S-1-5-21-3565037766-4151068233-2738897902-1059 Path:C:\Users... Success:0
[22648:27816 ] [  INFO ] [23:48:48.513] c:\jenkins\workspace\Client\Client\Windows\clean\win-common\src\installer\NoMSIInstaller\PureClean\ZoomPerUserCleaner.cpp(607)::[CPerUserCleaner::TryToCleanOneProfile] Begin to clean with impersonation for: S-1-5-21-3565037766-4151068233-2738897902-1058 Path:C:\Users...
[22648:27816 ] [  INFO ] [23:48:48.513] c:\jenkins\workspace\Client\Client\Windows\clean\win-common\src\installer\NoMSIInstaller\PureClean\ImpersonationHelper.cpp(181)::[CWorker::CreateWith] Valid:1 Session-ID:S-1-5-21-3565037766-4151068233-2738897902-1058
[22648:131836 ] [  INFO ] [23:48:48.517] c:\jenkins\workspace\Client\Client\Windows\clean\win-common\src\installer\NoMSIInstaller\PureClean\ImpersonationHelper.cpp(245)::[CWorker::BeginImpersonate] For SID:S-1-5-21-3565037766-4151068233-2738897902-1058 To Impersonate PID:0 Total process count:244
[22648:131836 ] [  INFO ] [23:48:48.517] c:\jenkins\workspace\Client\Client\Windows\clean\win-common\src\installer\NoMSIInstaller\PureClean\ImpersonationHelper.cpp(262)::[CWorker::BeginImpersonate] End for SID:S-1-5-21-3565037766-4151068233-2738897902-1058 To Impersonate PID:0 Success:0
[22648:131836 ] [  INFO ] [23:48:48.517] c:\jenkins\workspace\Client\Client\Windows\clean\win-common\src\installer\NoMSIInstaller\PureClean\ImpersonationHelper.cpp(315)::[CWorker::ThreadProc] SID:S-1-5-21-3565037766-4151068233-2738897902-1058 Impersonate Success:0 Continue:0
[22648:27816 ] [  INFO ] [23:48:48.517] c:\jenkins\workspace\Client\Client\Windows\clean\win-common\src\installer\NoMSIInstaller\PureClean\ZoomPerUserCleaner.cpp(615)::[CPerUserCleaner::TryToCleanOneProfile] End to clean with impersonation for: S-1-5-21-3565037766-4151068233-2738897902-1058 Path:C:\Users... Success:0
[22648:27816 ] [  INFO ] [23:48:48.517] c:\jenkins\workspace\Client\Client\Windows\clean\win-common\src\installer\NoMSIInstaller\PureClean\ZoomPerUserCleaner.cpp(607)::[CPerUserCleaner::TryToCleanOneProfile] Begin to clean with impersonation for: S-1-5-21-3565037766-4151068233-2738897902-1057 Path:C:\User...
[22648:27816 ] [  INFO ] [23:48:48.517] c:\jenkins\workspace\Client\Client\Windows\clean\win-common\src\installer\NoMSIInstaller\PureClean\ImpersonationHelper.cpp(181)::[CWorker::CreateWith] Valid:1 Session-ID:S-1-5-21-3565037766-4151068233-2738897902-1057
[22648:133892 ] [  INFO ] [23:48:48.522] c:\jenkins\workspace\Client\Client\Windows\clean\win-common\src\installer\NoMSIInstaller\PureClean\ImpersonationHelper.cpp(245)::[CWorker::BeginImpersonate] For SID:S-1-5-21-3565037766-4151068233-2738897902-1057 To Impersonate PID:0 Total process count:244
[22648:133892 ] [  INFO ] [23:48:48.522] c:\jenkins\workspace\Client\Client\Windows\clean\win-common\src\installer\NoMSIInstaller\PureClean\ImpersonationHelper.cpp(262)::[CWorker::BeginImpersonate] End for SID:S-1-5-21-3565037766-4151068233-2738897902-1057 To Impersonate PID:0 Success:0
[22648:133892 ] [  INFO ] [23:48:48.522] c:\jenkins\workspace\Client\Client\Windows\clean\win-common\src\installer\NoMSIInstaller\PureClean\ImpersonationHelper.cpp(315)::[CWorker::ThreadProc] SID:S-1-5-21-3565037766-4151068233-2738897902-1057 Impersonate Success:0 Continue:0
[22648:27816 ] [  INFO ] [23:48:48.523] c:\jenkins\workspace\Client\Client\Windows\clean\win-common\src\installer\NoMSIInstaller\PureClean\ZoomPerUserCleaner.cpp(615)::[CPerUserCleaner::TryToCleanOneProfile] End to clean with impersonation for: S-1-5-21-3565037766-4151068233-2738897902-1057 Path:C:\User... Success:0
[22648:27816 ] [  INFO ] [23:48:48.523] c:\jenkins\workspace\Client\Client\Windows\clean\win-common\src\installer\NoMSIInstaller\PureClean\ZoomPerUserCleaner.cpp(607)::[CPerUserCleaner::TryToCleanOneProfile] Begin to clean with impersonation for: S-1-5-21-3565037766-4151068233-2738897902-1055 Path:C:\Users...
[22648:27816 ] [  INFO ] [23:48:48.523] c:\jenkins\workspace\Client\Client\Windows\clean\win-common\src\installer\NoMSIInstaller\PureClean\ImpersonationHelper.cpp(181)::[CWorker::CreateWith] Valid:1 Session-ID:S-1-5-21-3565037766-4151068233-2738897902-1055
[22648:22580 ] [  INFO ] [23:48:48.527] c:\jenkins\workspace\Client\Client\Windows\clean\win-common\src\installer\NoMSIInstaller\PureClean\ImpersonationHelper.cpp(245)::[CWorker::BeginImpersonate] For SID:S-1-5-21-3565037766-4151068233-2738897902-1055 To Impersonate PID:0 Total process count:244
[22648:22580 ] [  INFO ] [23:48:48.527] c:\jenkins\workspace\Client\Client\Windows\clean\win-common\src\installer\NoMSIInstaller\PureClean\ImpersonationHelper.cpp(262)::[CWorker::BeginImpersonate] End for SID:S-1-5-21-3565037766-4151068233-2738897902-1055 To Impersonate PID:0 Success:0
[22648:22580 ] [  INFO ] [23:48:48.527] c:\jenkins\workspace\Client\Client\Windows\clean\win-common\src\installer\NoMSIInstaller\PureClean\ImpersonationHelper.cpp(315)::[CWorker::ThreadProc] SID:S-1-5-21-3565037766-4151068233-2738897902-1055 Impersonate Success:0 Continue:0
[22648:27816 ] [  INFO ] [23:48:48.527] c:\jenkins\workspace\Client\Client\Windows\clean\win-common\src\installer\NoMSIInstaller\PureClean\ZoomPerUserCleaner.cpp(615)::[CPerUserCleaner::TryToCleanOneProfile] End to clean with impersonation for: S-1-5-21-3565037766-4151068233-2738897902-1055 Path:C:\Users... Success:0
[22648:27816 ] [  INFO ] [23:48:48.527] c:\jenkins\workspace\Client\Client\Windows\clean\win-common\src\installer\NoMSIInstaller\PureClean\ZoomPerUserCleaner.cpp(607)::[CPerUserCleaner::TryToCleanOneProfile] Begin to clean with impersonation for: S-1-5-21-3565037766-4151068233-2738897902-1054 Path:C:\Users...
[22648:27816 ] [  INFO ] [23:48:48.527] c:\jenkins\workspace\Client\Client\Windows\clean\win-common\src\installer\NoMSIInstaller\PureClean\ImpersonationHelper.cpp(181)::[CWorker::CreateWith] Valid:1 Session-ID:S-1-5-21-3565037766-4151068233-2738897902-1054
[22648:12052 ] [  INFO ] [23:48:48.531] c:\jenkins\workspace\Client\Client\Windows\clean\win-common\src\installer\NoMSIInstaller\PureClean\ImpersonationHelper.cpp(245)::[CWorker::BeginImpersonate] For SID:S-1-5-21-3565037766-4151068233-2738897902-1054 To Impersonate PID:0 Total process count:244
[22648:12052 ] [  INFO ] [23:48:48.531] c:\jenkins\workspace\Client\Client\Windows\clean\win-common\src\installer\NoMSIInstaller\PureClean\ImpersonationHelper.cpp(262)::[CWorker::BeginImpersonate] End for SID:S-1-5-21-3565037766-4151068233-2738897902-1054 To Impersonate PID:0 Success:0
[22648:12052 ] [  INFO ] [23:48:48.531] c:\jenkins\workspace\Client\Client\Windows\clean\win-common\src\installer\NoMSIInstaller\PureClean\ImpersonationHelper.cpp(315)::[CWorker::ThreadProc] SID:S-1-5-21-3565037766-4151068233-2738897902-1054 Impersonate Success:0 Continue:0
[22648:27816 ] [  INFO ] [23:48:48.531] c:\jenkins\workspace\Client\Client\Windows\clean\win-common\src\installer\NoMSIInstaller\PureClean\ZoomPerUserCleaner.cpp(615)::[CPerUserCleaner::TryToCleanOneProfile] End to clean with impersonation for: S-1-5-21-3565037766-4151068233-2738897902-1054 Path:C:\Users... Success:0
[22648:27816 ] [  INFO ] [23:48:48.531] c:\jenkins\workspace\Client\Client\Windows\clean\win-common\src\installer\NoMSIInstaller\PureClean\ZoomPerUserCleaner.cpp(607)::[CPerUserCleaner::TryToCleanOneProfile] Begin to clean with impersonation for: S-1-5-21-3565037766-4151068233-2738897902-1053 Path:C:\Users...
[22648:27816 ] [  INFO ] [23:48:48.532] c:\jenkins\workspace\Client\Client\Windows\clean\win-common\src\installer\NoMSIInstaller\PureClean\ImpersonationHelper.cpp(181)::[CWorker::CreateWith] Valid:1 Session-ID:S-1-5-21-3565037766-4151068233-2738897902-1053
[22648:12884 ] [  INFO ] [23:48:48.536] c:\jenkins\workspace\Client\Client\Windows\clean\win-common\src\installer\NoMSIInstaller\PureClean\ImpersonationHelper.cpp(245)::[CWorker::BeginImpersonate] For SID:S-1-5-21-3565037766-4151068233-2738897902-1053 To Impersonate PID:0 Total process count:244
[22648:12884 ] [  INFO ] [23:48:48.536] c:\jenkins\workspace\Client\Client\Windows\clean\win-common\src\installer\NoMSIInstaller\PureClean\ImpersonationHelper.cpp(262)::[CWorker::BeginImpersonate] End for SID:S-1-5-21-3565037766-4151068233-2738897902-1053 To Impersonate PID:0 Success:0
[22648:12884 ] [  INFO ] [23:48:48.537] c:\jenkins\workspace\Client\Client\Windows\clean\win-common\src\installer\NoMSIInstaller\PureClean\ImpersonationHelper.cpp(315)::[CWorker::ThreadProc] SID:S-1-5-21-3565037766-4151068233-2738897902-1053 Impersonate Success:0 Continue:0
[22648:27816 ] [  INFO ] [23:48:48.537] c:\jenkins\workspace\Client\Client\Windows\clean\win-common\src\installer\NoMSIInstaller\PureClean\ZoomPerUserCleaner.cpp(615)::[CPerUserCleaner::TryToCleanOneProfile] End to clean with impersonation for: S-1-5-21-3565037766-4151068233-2738897902-1053 Path:C:\Users... Success:0
[22648:27816 ] [  INFO ] [23:48:48.537] c:\jenkins\workspace\Client\Client\Windows\clean\win-common\src\installer\NoMSIInstaller\PureClean\ZoomPerUserCleaner.cpp(607)::[CPerUserCleaner::TryToCleanOneProfile] Begin to clean with impersonation for: S-1-5-21-3565037766-4151068233-2738897902-1052 Path:C:\Users...
[22648:27816 ] [  INFO ] [23:48:48.537] c:\jenkins\workspace\Client\Client\Windows\clean\win-common\src\installer\NoMSIInstaller\PureClean\ImpersonationHelper.cpp(181)::[CWorker::CreateWith] Valid:1 Session-ID:S-1-5-21-3565037766-4151068233-2738897902-1052
[22648:21756 ] [  INFO ] [23:48:48.540] c:\jenkins\workspace\Client\Client\Windows\clean\win-common\src\installer\NoMSIInstaller\PureClean\ImpersonationHelper.cpp(245)::[CWorker::BeginImpersonate] For SID:S-1-5-21-3565037766-4151068233-2738897902-1052 To Impersonate PID:0 Total process count:244
[22648:21756 ] [  INFO ] [23:48:48.540] c:\jenkins\workspace\Client\Client\Windows\clean\win-common\src\installer\NoMSIInstaller\PureClean\ImpersonationHelper.cpp(262)::[CWorker::BeginImpersonate] End for SID:S-1-5-21-3565037766-4151068233-2738897902-1052 To Impersonate PID:0 Success:0
[22648:21756 ] [  INFO ] [23:48:48.540] c:\jenkins\workspace\Client\Client\Windows\clean\win-common\src\installer\NoMSIInstaller\PureClean\ImpersonationHelper.cpp(315)::[CWorker::ThreadProc] SID:S-1-5-21-3565037766-4151068233-2738897902-1052 Impersonate Success:0 Continue:0
[22648:27816 ] [  INFO ] [23:48:48.542] c:\jenkins\workspace\Client\Client\Windows\clean\win-common\src\installer\NoMSIInstaller\PureClean\ZoomPerUserCleaner.cpp(615)::[CPerUserCleaner::TryToCleanOneProfile] End to clean with impersonation for: S-1-5-21-3565037766-4151068233-2738897902-1052 Path:C:\Users... Success:0
[22648:27816 ] [  INFO ] [23:48:48.542] c:\jenkins\workspace\Client\Client\Windows\clean\win-common\src\installer\NoMSIInstaller\PureClean\ZoomPerUserCleaner.cpp(607)::[CPerUserCleaner::TryToCleanOneProfile] Begin to clean with impersonation for: S-1-5-21-3565037766-4151068233-2738897902-1051 Path:C:\Users...
[22648:27816 ] [  INFO ] [23:48:48.542] c:\jenkins\workspace\Client\Client\Windows\clean\win-common\src\installer\NoMSIInstaller\PureClean\ImpersonationHelper.cpp(181)::[CWorker::CreateWith] Valid:1 Session-ID:S-1-5-21-3565037766-4151068233-2738897902-1051
[22648:27376 ] [  INFO ] [23:48:48.546] c:\jenkins\workspace\Client\Client\Windows\clean\win-common\src\installer\NoMSIInstaller\PureClean\ImpersonationHelper.cpp(245)::[CWorker::BeginImpersonate] For SID:S-1-5-21-3565037766-4151068233-2738897902-1051 To Impersonate PID:0 Total process count:244
[22648:27376 ] [  INFO ] [23:48:48.546] c:\jenkins\workspace\Client\Client\Windows\clean\win-common\src\installer\NoMSIInstaller\PureClean\ImpersonationHelper.cpp(262)::[CWorker::BeginImpersonate] End for SID:S-1-5-21-3565037766-4151068233-2738897902-1051 To Impersonate PID:0 Success:0
[22648:27376 ] [  INFO ] [23:48:48.546] c:\jenkins\workspace\Client\Client\Windows\clean\win-common\src\installer\NoMSIInstaller\PureClean\ImpersonationHelper.cpp(315)::[CWorker::ThreadProc] SID:S-1-5-21-3565037766-4151068233-2738897902-1051 Impersonate Success:0 Continue:0
[22648:27816 ] [  INFO ] [23:48:48.546] c:\jenkins\workspace\Client\Client\Windows\clean\win-common\src\installer\NoMSIInstaller\PureClean\ZoomPerUserCleaner.cpp(615)::[CPerUserCleaner::TryToCleanOneProfile] End to clean with impersonation for: S-1-5-21-3565037766-4151068233-2738897902-1051 Path:C:\Users... Success:0
[22648:27816 ] [  INFO ] [23:48:48.546] c:\jenkins\workspace\Client\Client\Windows\clean\win-common\src\installer\NoMSIInstaller\PureClean\ZoomPerUserCleaner.cpp(607)::[CPerUserCleaner::TryToCleanOneProfile] Begin to clean with impersonation for: S-1-5-21-3565037766-4151068233-2738897902-1049 Path:C:\Users...
[22648:27816 ] [  INFO ] [23:48:48.546] c:\jenkins\workspace\Client\Client\Windows\clean\win-common\src\installer\NoMSIInstaller\PureClean\ImpersonationHelper.cpp(181)::[CWorker::CreateWith] Valid:1 Session-ID:S-1-5-21-3565037766-4151068233-2738897902-1049
[22648:22456 ] [  INFO ] [23:48:48.550] c:\jenkins\workspace\Client\Client\Windows\clean\win-common\src\installer\NoMSIInstaller\PureClean\ImpersonationHelper.cpp(245)::[CWorker::BeginImpersonate] For SID:S-1-5-21-3565037766-4151068233-2738897902-1049 To Impersonate PID:0 Total process count:244
[22648:22456 ] [  INFO ] [23:48:48.551] c:\jenkins\workspace\Client\Client\Windows\clean\win-common\src\installer\NoMSIInstaller\PureClean\ImpersonationHelper.cpp(262)::[CWorker::BeginImpersonate] End for SID:S-1-5-21-3565037766-4151068233-2738897902-1049 To Impersonate PID:0 Success:0
[22648:22456 ] [  INFO ] [23:48:48.551] c:\jenkins\workspace\Client\Client\Windows\clean\win-common\src\installer\NoMSIInstaller\PureClean\ImpersonationHelper.cpp(315)::[CWorker::ThreadProc] SID:S-1-5-21-3565037766-4151068233-2738897902-1049 Impersonate Success:0 Continue:0
[22648:27816 ] [  INFO ] [23:48:48.551] c:\jenkins\workspace\Client\Client\Windows\clean\win-common\src\installer\NoMSIInstaller\PureClean\ZoomPerUserCleaner.cpp(615)::[CPerUserCleaner::TryToCleanOneProfile] End to clean with impersonation for: S-1-5-21-3565037766-4151068233-2738897902-1049 Path:C:\Users... Success:0
[22648:27816 ] [  INFO ] [23:48:48.551] c:\jenkins\workspace\Client\Client\Windows\clean\win-common\src\installer\NoMSIInstaller\PureClean\ZoomPerUserCleaner.cpp(607)::[CPerUserCleaner::TryToCleanOneProfile] Begin to clean with impersonation for: S-1-5-21-3565037766-4151068233-2738897902-1048 Path:C:\Users...
[22648:27816 ] [  INFO ] [23:48:48.551] c:\jenkins\workspace\Client\Client\Windows\clean\win-common\src\installer\NoMSIInstaller\PureClean\ImpersonationHelper.cpp(181)::[CWorker::CreateWith] Valid:1 Session-ID:S-1-5-21-3565037766-4151068233-2738897902-1048
[22648:131304 ] [  INFO ] [23:48:48.555] c:\jenkins\workspace\Client\Client\Windows\clean\win-common\src\installer\NoMSIInstaller\PureClean\ImpersonationHelper.cpp(245)::[CWorker::BeginImpersonate] For SID:S-1-5-21-3565037766-4151068233-2738897902-1048 To Impersonate PID:0 Total process count:244
[22648:131304 ] [  INFO ] [23:48:48.555] c:\jenkins\workspace\Client\Client\Windows\clean\win-common\src\installer\NoMSIInstaller\PureClean\ImpersonationHelper.cpp(262)::[CWorker::BeginImpersonate] End for SID:S-1-5-21-3565037766-4151068233-2738897902-1048 To Impersonate PID:0 Success:0
[22648:131304 ] [  INFO ] [23:48:48.555] c:\jenkins\workspace\Client\Client\Windows\clean\win-common\src\installer\NoMSIInstaller\PureClean\ImpersonationHelper.cpp(315)::[CWorker::ThreadProc] SID:S-1-5-21-3565037766-4151068233-2738897902-1048 Impersonate Success:0 Continue:0
[22648:27816 ] [  INFO ] [23:48:48.555] c:\jenkins\workspace\Client\Client\Windows\clean\win-common\src\installer\NoMSIInstaller\PureClean\ZoomPerUserCleaner.cpp(615)::[CPerUserCleaner::TryToCleanOneProfile] End to clean with impersonation for: S-1-5-21-3565037766-4151068233-2738897902-1048 Path:C:\Users... Success:0
[22648:27816 ] [  INFO ] [23:48:48.555] c:\jenkins\workspace\Client\Client\Windows\clean\win-common\src\installer\NoMSIInstaller\PureClean\ZoomPerUserCleaner.cpp(607)::[CPerUserCleaner::TryToCleanOneProfile] Begin to clean with impersonation for: S-1-5-21-3565037766-4151068233-2738897902-1047 Path:C:\Users\u...
[22648:27816 ] [  INFO ] [23:48:48.555] c:\jenkins\workspace\Client\Client\Windows\clean\win-common\src\installer\NoMSIInstaller\PureClean\ImpersonationHelper.cpp(181)::[CWorker::CreateWith] Valid:1 Session-ID:S-1-5-21-3565037766-4151068233-2738897902-1047
[22648:14084 ] [  INFO ] [23:48:48.559] c:\jenkins\workspace\Client\Client\Windows\clean\win-common\src\installer\NoMSIInstaller\PureClean\ImpersonationHelper.cpp(245)::[CWorker::BeginImpersonate] For SID:S-1-5-21-3565037766-4151068233-2738897902-1047 To Impersonate PID:0 Total process count:244
[22648:14084 ] [  INFO ] [23:48:48.561] c:\jenkins\workspace\Client\Client\Windows\clean\win-common\src\installer\NoMSIInstaller\PureClean\ImpersonationHelper.cpp(262)::[CWorker::BeginImpersonate] End for SID:S-1-5-21-3565037766-4151068233-2738897902-1047 To Impersonate PID:0 Success:0
[22648:14084 ] [  INFO ] [23:48:48.561] c:\jenkins\workspace\Client\Client\Windows\clean\win-common\src\installer\NoMSIInstaller\PureClean\ImpersonationHelper.cpp(315)::[CWorker::ThreadProc] SID:S-1-5-21-3565037766-4151068233-2738897902-1047 Impersonate Success:0 Continue:0
[22648:27816 ] [  INFO ] [23:48:48.561] c:\jenkins\workspace\Client\Client\Windows\clean\win-common\src\installer\NoMSIInstaller\PureClean\ZoomPerUserCleaner.cpp(615)::[CPerUserCleaner::TryToCleanOneProfile] End to clean with impersonation for: S-1-5-21-3565037766-4151068233-2738897902-1047 Path:C:\Users\u... Success:0
[22648:27816 ] [  INFO ] [23:48:48.561] c:\jenkins\workspace\Client\Client\Windows\clean\win-common\src\installer\NoMSIInstaller\PureClean\ZoomPerUserCleaner.cpp(607)::[CPerUserCleaner::TryToCleanOneProfile] Begin to clean with impersonation for: S-1-5-21-3565037766-4151068233-2738897902-1046 Path:C:\Users...
[22648:27816 ] [  INFO ] [23:48:48.561] c:\jenkins\workspace\Client\Client\Windows\clean\win-common\src\installer\NoMSIInstaller\PureClean\ImpersonationHelper.cpp(181)::[CWorker::CreateWith] Valid:1 Session-ID:S-1-5-21-3565037766-4151068233-2738897902-1046
[22648:3012 ] [  INFO ] [23:48:48.566] c:\jenkins\workspace\Client\Client\Windows\clean\win-common\src\installer\NoMSIInstaller\PureClean\ImpersonationHelper.cpp(245)::[CWorker::BeginImpersonate] For SID:S-1-5-21-3565037766-4151068233-2738897902-1046 To Impersonate PID:0 Total process count:244
[22648:3012 ] [  INFO ] [23:48:48.567] c:\jenkins\workspace\Client\Client\Windows\clean\win-common\src\installer\NoMSIInstaller\PureClean\ImpersonationHelper.cpp(262)::[CWorker::BeginImpersonate] End for SID:S-1-5-21-3565037766-4151068233-2738897902-1046 To Impersonate PID:0 Success:0
[22648:3012 ] [  INFO ] [23:48:48.567] c:\jenkins\workspace\Client\Client\Windows\clean\win-common\src\installer\NoMSIInstaller\PureClean\ImpersonationHelper.cpp(315)::[CWorker::ThreadProc] SID:S-1-5-21-3565037766-4151068233-2738897902-1046 Impersonate Success:0 Continue:0
[22648:27816 ] [  INFO ] [23:48:48.567] c:\jenkins\workspace\Client\Client\Windows\clean\win-common\src\installer\NoMSIInstaller\PureClean\ZoomPerUserCleaner.cpp(615)::[CPerUserCleaner::TryToCleanOneProfile] End to clean with impersonation for: S-1-5-21-3565037766-4151068233-2738897902-1046 Path:C:\Users... Success:0
[22648:27816 ] [  INFO ] [23:48:48.567] c:\jenkins\workspace\Client\Client\Windows\clean\win-common\src\installer\NoMSIInstaller\PureClean\ZoomPerUserCleaner.cpp(607)::[CPerUserCleaner::TryToCleanOneProfile] Begin to clean with impersonation for: S-1-5-21-3565037766-4151068233-2738897902-1045 Path:C:\Users...
[22648:27816 ] [  INFO ] [23:48:48.567] c:\jenkins\workspace\Client\Client\Windows\clean\win-common\src\installer\NoMSIInstaller\PureClean\ImpersonationHelper.cpp(181)::[CWorker::CreateWith] Valid:1 Session-ID:S-1-5-21-3565037766-4151068233-2738897902-1045
[22648:20804 ] [  INFO ] [23:48:48.570] c:\jenkins\workspace\Client\Client\Windows\clean\win-common\src\installer\NoMSIInstaller\PureClean\ImpersonationHelper.cpp(245)::[CWorker::BeginImpersonate] For SID:S-1-5-21-3565037766-4151068233-2738897902-1045 To Impersonate PID:0 Total process count:244
[22648:20804 ] [  INFO ] [23:48:48.570] c:\jenkins\workspace\Client\Client\Windows\clean\win-common\src\installer\NoMSIInstaller\PureClean\ImpersonationHelper.cpp(262)::[CWorker::BeginImpersonate] End for SID:S-1-5-21-3565037766-4151068233-2738897902-1045 To Impersonate PID:0 Success:0
[22648:20804 ] [  INFO ] [23:48:48.572] c:\jenkins\workspace\Client\Client\Windows\clean\win-common\src\installer\NoMSIInstaller\PureClean\ImpersonationHelper.cpp(315)::[CWorker::ThreadProc] SID:S-1-5-21-3565037766-4151068233-2738897902-1045 Impersonate Success:0 Continue:0
[22648:27816 ] [  INFO ] [23:48:48.572] c:\jenkins\workspace\Client\Client\Windows\clean\win-common\src\installer\NoMSIInstaller\PureClean\ZoomPerUserCleaner.cpp(615)::[CPerUserCleaner::TryToCleanOneProfile] End to clean with impersonation for: S-1-5-21-3565037766-4151068233-2738897902-1045 Path:C:\Users... Success:0
[22648:27816 ] [  INFO ] [23:48:48.572] c:\jenkins\workspace\Client\Client\Windows\clean\win-common\src\installer\NoMSIInstaller\PureClean\ZoomPerUserCleaner.cpp(607)::[CPerUserCleaner::TryToCleanOneProfile] Begin to clean with impersonation for: S-1-5-21-3565037766-4151068233-2738897902-1044 Path:C:\Users\...
[22648:27816 ] [  INFO ] [23:48:48.572] c:\jenkins\workspace\Client\Client\Windows\clean\win-common\src\installer\NoMSIInstaller\PureClean\ImpersonationHelper.cpp(181)::[CWorker::CreateWith] Valid:1 Session-ID:S-1-5-21-3565037766-4151068233-2738897902-1044
[22648:25056 ] [  INFO ] [23:48:48.576] c:\jenkins\workspace\Client\Client\Windows\clean\win-common\src\installer\NoMSIInstaller\PureClean\ImpersonationHelper.cpp(245)::[CWorker::BeginImpersonate] For SID:S-1-5-21-3565037766-4151068233-2738897902-1044 To Impersonate PID:0 Total process count:244
[22648:25056 ] [  INFO ] [23:48:48.576] c:\jenkins\workspace\Client\Client\Windows\clean\win-common\src\installer\NoMSIInstaller\PureClean\ImpersonationHelper.cpp(262)::[CWorker::BeginImpersonate] End for SID:S-1-5-21-3565037766-4151068233-2738897902-1044 To Impersonate PID:0 Success:0
[22648:25056 ] [  INFO ] [23:48:48.576] c:\jenkins\workspace\Client\Client\Windows\clean\win-common\src\installer\NoMSIInstaller\PureClean\ImpersonationHelper.cpp(315)::[CWorker::ThreadProc] SID:S-1-5-21-3565037766-4151068233-2738897902-1044 Impersonate Success:0 Continue:0
[22648:27816 ] [  INFO ] [23:48:48.576] c:\jenkins\workspace\Client\Client\Windows\clean\win-common\src\installer\NoMSIInstaller\PureClean\ZoomPerUserCleaner.cpp(615)::[CPerUserCleaner::TryToCleanOneProfile] End to clean with impersonation for: S-1-5-21-3565037766-4151068233-2738897902-1044 Path:C:\Users\... Success:0
[22648:27816 ] [  INFO ] [23:48:48.576] c:\jenkins\workspace\Client\Client\Windows\clean\win-common\src\installer\NoMSIInstaller\PureClean\ZoomPerUserCleaner.cpp(607)::[CPerUserCleaner::TryToCleanOneProfile] Begin to clean with impersonation for: S-1-5-21-3565037766-4151068233-2738897902-1043 Path:C:\Users\...
[22648:27816 ] [  INFO ] [23:48:48.576] c:\jenkins\workspace\Client\Client\Windows\clean\win-common\src\installer\NoMSIInstaller\PureClean\ImpersonationHelper.cpp(181)::[CWorker::CreateWith] Valid:1 Session-ID:S-1-5-21-3565037766-4151068233-2738897902-1043
[22648:28556 ] [  INFO ] [23:48:48.580] c:\jenkins\workspace\Client\Client\Windows\clean\win-common\src\installer\NoMSIInstaller\PureClean\ImpersonationHelper.cpp(245)::[CWorker::BeginImpersonate] For SID:S-1-5-21-3565037766-4151068233-2738897902-1043 To Impersonate PID:0 Total process count:244
[22648:28556 ] [  INFO ] [23:48:48.580] c:\jenkins\workspace\Client\Client\Windows\clean\win-common\src\installer\NoMSIInstaller\PureClean\ImpersonationHelper.cpp(262)::[CWorker::BeginImpersonate] End for SID:S-1-5-21-3565037766-4151068233-2738897902-1043 To Impersonate PID:0 Success:0
[22648:28556 ] [  INFO ] [23:48:48.580] c:\jenkins\workspace\Client\Client\Windows\clean\win-common\src\installer\NoMSIInstaller\PureClean\ImpersonationHelper.cpp(315)::[CWorker::ThreadProc] SID:S-1-5-21-3565037766-4151068233-2738897902-1043 Impersonate Success:0 Continue:0
[22648:27816 ] [  INFO ] [23:48:48.581] c:\jenkins\workspace\Client\Client\Windows\clean\win-common\src\installer\NoMSIInstaller\PureClean\ZoomPerUserCleaner.cpp(615)::[CPerUserCleaner::TryToCleanOneProfile] End to clean with impersonation for: S-1-5-21-3565037766-4151068233-2738897902-1043 Path:C:\Users\... Success:0
[22648:27816 ] [  INFO ] [23:48:48.581] c:\jenkins\workspace\Client\Client\Windows\clean\win-common\src\installer\NoMSIInstaller\PureClean\ZoomPerUserCleaner.cpp(607)::[CPerUserCleaner::TryToCleanOneProfile] Begin to clean with impersonation for: S-1-5-21-3565037766-4151068233-2738897902-1042 Path:C:\User...
[22648:27816 ] [  INFO ] [23:48:48.581] c:\jenkins\workspace\Client\Client\Windows\clean\win-common\src\installer\NoMSIInstaller\PureClean\ImpersonationHelper.cpp(181)::[CWorker::CreateWith] Valid:1 Session-ID:S-1-5-21-3565037766-4151068233-2738897902-1042
[22648:16612 ] [  INFO ] [23:48:48.585] c:\jenkins\workspace\Client\Client\Windows\clean\win-common\src\installer\NoMSIInstaller\PureClean\ImpersonationHelper.cpp(245)::[CWorker::BeginImpersonate] For SID:S-1-5-21-3565037766-4151068233-2738897902-1042 To Impersonate PID:0 Total process count:244
[22648:16612 ] [  INFO ] [23:48:48.585] c:\jenkins\workspace\Client\Client\Windows\clean\win-common\src\installer\NoMSIInstaller\PureClean\ImpersonationHelper.cpp(262)::[CWorker::BeginImpersonate] End for SID:S-1-5-21-3565037766-4151068233-2738897902-1042 To Impersonate PID:0 Success:0
[22648:16612 ] [  INFO ] [23:48:48.585] c:\jenkins\workspace\Client\Client\Windows\clean\win-common\src\installer\NoMSIInstaller\PureClean\ImpersonationHelper.cpp(315)::[CWorker::ThreadProc] SID:S-1-5-21-3565037766-4151068233-2738897902-1042 Impersonate Success:0 Continue:0
[22648:27816 ] [  INFO ] [23:48:48.585] c:\jenkins\workspace\Client\Client\Windows\clean\win-common\src\installer\NoMSIInstaller\PureClean\ZoomPerUserCleaner.cpp(615)::[CPerUserCleaner::TryToCleanOneProfile] End to clean with impersonation for: S-1-5-21-3565037766-4151068233-2738897902-1042 Path:C:\User... Success:0
[22648:27816 ] [  INFO ] [23:48:48.585] c:\jenkins\workspace\Client\Client\Windows\clean\win-common\src\installer\NoMSIInstaller\PureClean\ZoomPerUserCleaner.cpp(607)::[CPerUserCleaner::TryToCleanOneProfile] Begin to clean with impersonation for: S-1-5-21-3565037766-4151068233-2738897902-1040 Path:C:\User...
[22648:27816 ] [  INFO ] [23:48:48.585] c:\jenkins\workspace\Client\Client\Windows\clean\win-common\src\installer\NoMSIInstaller\PureClean\ImpersonationHelper.cpp(181)::[CWorker::CreateWith] Valid:1 Session-ID:S-1-5-21-3565037766-4151068233-2738897902-1040
[22648:19944 ] [  INFO ] [23:48:48.590] c:\jenkins\workspace\Client\Client\Windows\clean\win-common\src\installer\NoMSIInstaller\PureClean\ImpersonationHelper.cpp(245)::[CWorker::BeginImpersonate] For SID:S-1-5-21-3565037766-4151068233-2738897902-1040 To Impersonate PID:0 Total process count:244
[22648:19944 ] [  INFO ] [23:48:48.590] c:\jenkins\workspace\Client\Client\Windows\clean\win-common\src\installer\NoMSIInstaller\PureClean\ImpersonationHelper.cpp(262)::[CWorker::BeginImpersonate] End for SID:S-1-5-21-3565037766-4151068233-2738897902-1040 To Impersonate PID:0 Success:0
[22648:19944 ] [  INFO ] [23:48:48.590] c:\jenkins\workspace\Client\Client\Windows\clean\win-common\src\installer\NoMSIInstaller\PureClean\ImpersonationHelper.cpp(315)::[CWorker::ThreadProc] SID:S-1-5-21-3565037766-4151068233-2738897902-1040 Impersonate Success:0 Continue:0
[22648:27816 ] [  INFO ] [23:48:48.590] c:\jenkins\workspace\Client\Client\Windows\clean\win-common\src\installer\NoMSIInstaller\PureClean\ZoomPerUserCleaner.cpp(615)::[CPerUserCleaner::TryToCleanOneProfile] End to clean with impersonation for: S-1-5-21-3565037766-4151068233-2738897902-1040 Path:C:\User... Success:0
[22648:27816 ] [  INFO ] [23:48:48.590] c:\jenkins\workspace\Client\Client\Windows\clean\win-common\src\installer\NoMSIInstaller\PureClean\ZoomPerUserCleaner.cpp(607)::[CPerUserCleaner::TryToCleanOneProfile] Begin to clean with impersonation for: S-1-5-21-3565037766-4151068233-2738897902-1039 Path:C:\User...
[22648:27816 ] [  INFO ] [23:48:48.590] c:\jenkins\workspace\Client\Client\Windows\clean\win-common\src\installer\NoMSIInstaller\PureClean\ImpersonationHelper.cpp(181)::[CWorker::CreateWith] Valid:1 Session-ID:S-1-5-21-3565037766-4151068233-2738897902-1039
[22648:12984 ] [  INFO ] [23:48:48.593] c:\jenkins\workspace\Client\Client\Windows\clean\win-common\src\installer\NoMSIInstaller\PureClean\ImpersonationHelper.cpp(245)::[CWorker::BeginImpersonate] For SID:S-1-5-21-3565037766-4151068233-2738897902-1039 To Impersonate PID:0 Total process count:244
[22648:12984 ] [  INFO ] [23:48:48.595] c:\jenkins\workspace\Client\Client\Windows\clean\win-common\src\installer\NoMSIInstaller\PureClean\ImpersonationHelper.cpp(262)::[CWorker::BeginImpersonate] End for SID:S-1-5-21-3565037766-4151068233-2738897902-1039 To Impersonate PID:0 Success:0
[22648:12984 ] [  INFO ] [23:48:48.595] c:\jenkins\workspace\Client\Client\Windows\clean\win-common\src\installer\NoMSIInstaller\PureClean\ImpersonationHelper.cpp(315)::[CWorker::ThreadProc] SID:S-1-5-21-3565037766-4151068233-2738897902-1039 Impersonate Success:0 Continue:0
[22648:27816 ] [  INFO ] [23:48:48.595] c:\jenkins\workspace\Client\Client\Windows\clean\win-common\src\installer\NoMSIInstaller\PureClean\ZoomPerUserCleaner.cpp(615)::[CPerUserCleaner::TryToCleanOneProfile] End to clean with impersonation for: S-1-5-21-3565037766-4151068233-2738897902-1039 Path:C:\User... Success:0
[22648:27816 ] [  INFO ] [23:48:48.595] c:\jenkins\workspace\Client\Client\Windows\clean\win-common\src\installer\NoMSIInstaller\PureClean\ZoomPerUserCleaner.cpp(607)::[CPerUserCleaner::TryToCleanOneProfile] Begin to clean with impersonation for: S-1-5-21-3565037766-4151068233-2738897902-1038 Path:C:\User...
[22648:27816 ] [  INFO ] [23:48:48.595] c:\jenkins\workspace\Client\Client\Windows\clean\win-common\src\installer\NoMSIInstaller\PureClean\ImpersonationHelper.cpp(181)::[CWorker::CreateWith] Valid:1 Session-ID:S-1-5-21-3565037766-4151068233-2738897902-1038
[22648:131796 ] [  INFO ] [23:48:48.599] c:\jenkins\workspace\Client\Client\Windows\clean\win-common\src\installer\NoMSIInstaller\PureClean\ImpersonationHelper.cpp(245)::[CWorker::BeginImpersonate] For SID:S-1-5-21-3565037766-4151068233-2738897902-1038 To Impersonate PID:0 Total process count:244
[22648:131796 ] [  INFO ] [23:48:48.599] c:\jenkins\workspace\Client\Client\Windows\clean\win-common\src\installer\NoMSIInstaller\PureClean\ImpersonationHelper.cpp(262)::[CWorker::BeginImpersonate] End for SID:S-1-5-21-3565037766-4151068233-2738897902-1038 To Impersonate PID:0 Success:0
[22648:131796 ] [  INFO ] [23:48:48.599] c:\jenkins\workspace\Client\Client\Windows\clean\win-common\src\installer\NoMSIInstaller\PureClean\ImpersonationHelper.cpp(315)::[CWorker::ThreadProc] SID:S-1-5-21-3565037766-4151068233-2738897902-1038 Impersonate Success:0 Continue:0
[22648:27816 ] [  INFO ] [23:48:48.599] c:\jenkins\workspace\Client\Client\Windows\clean\win-common\src\installer\NoMSIInstaller\PureClean\ZoomPerUserCleaner.cpp(615)::[CPerUserCleaner::TryToCleanOneProfile] End to clean with impersonation for: S-1-5-21-3565037766-4151068233-2738897902-1038 Path:C:\User... Success:0
[22648:27816 ] [  INFO ] [23:48:48.599] c:\jenkins\workspace\Client\Client\Windows\clean\win-common\src\installer\NoMSIInstaller\PureClean\ZoomPerUserCleaner.cpp(607)::[CPerUserCleaner::TryToCleanOneProfile] Begin to clean with impersonation for: S-1-5-21-3565037766-4151068233-2738897902-1037 Path:C:\User...
[22648:27816 ] [  INFO ] [23:48:48.599] c:\jenkins\workspace\Client\Client\Windows\clean\win-common\src\installer\NoMSIInstaller\PureClean\ImpersonationHelper.cpp(181)::[CWorker::CreateWith] Valid:1 Session-ID:S-1-5-21-3565037766-4151068233-2738897902-1037
[22648:132636 ] [  INFO ] [23:48:48.604] c:\jenkins\workspace\Client\Client\Windows\clean\win-common\src\installer\NoMSIInstaller\PureClean\ImpersonationHelper.cpp(245)::[CWorker::BeginImpersonate] For SID:S-1-5-21-3565037766-4151068233-2738897902-1037 To Impersonate PID:0 Total process count:244
[22648:132636 ] [  INFO ] [23:48:48.604] c:\jenkins\workspace\Client\Client\Windows\clean\win-common\src\installer\NoMSIInstaller\PureClean\ImpersonationHelper.cpp(262)::[CWorker::BeginImpersonate] End for SID:S-1-5-21-3565037766-4151068233-2738897902-1037 To Impersonate PID:0 Success:0
[22648:132636 ] [  INFO ] [23:48:48.604] c:\jenkins\workspace\Client\Client\Windows\clean\win-common\src\installer\NoMSIInstaller\PureClean\ImpersonationHelper.cpp(315)::[CWorker::ThreadProc] SID:S-1-5-21-3565037766-4151068233-2738897902-1037 Impersonate Success:0 Continue:0
[22648:27816 ] [  INFO ] [23:48:48.604] c:\jenkins\workspace\Client\Client\Windows\clean\win-common\src\installer\NoMSIInstaller\PureClean\ZoomPerUserCleaner.cpp(615)::[CPerUserCleaner::TryToCleanOneProfile] End to clean with impersonation for: S-1-5-21-3565037766-4151068233-2738897902-1037 Path:C:\User... Success:0
[22648:27816 ] [  INFO ] [23:48:48.604] c:\jenkins\workspace\Client\Client\Windows\clean\win-common\src\installer\NoMSIInstaller\PureClean\ZoomPerUserCleaner.cpp(607)::[CPerUserCleaner::TryToCleanOneProfile] Begin to clean with impersonation for: S-1-5-21-3565037766-4151068233-2738897902-1035 Path:C:\User...
[22648:27816 ] [  INFO ] [23:48:48.604] c:\jenkins\workspace\Client\Client\Windows\clean\win-common\src\installer\NoMSIInstaller\PureClean\ImpersonationHelper.cpp(181)::[CWorker::CreateWith] Valid:1 Session-ID:S-1-5-21-3565037766-4151068233-2738897902-1035
[22648:26336 ] [  INFO ] [23:48:48.608] c:\jenkins\workspace\Client\Client\Windows\clean\win-common\src\installer\NoMSIInstaller\PureClean\ImpersonationHelper.cpp(245)::[CWorker::BeginImpersonate] For SID:S-1-5-21-3565037766-4151068233-2738897902-1035 To Impersonate PID:0 Total process count:244
[22648:26336 ] [  INFO ] [23:48:48.608] c:\jenkins\workspace\Client\Client\Windows\clean\win-common\src\installer\NoMSIInstaller\PureClean\ImpersonationHelper.cpp(262)::[CWorker::BeginImpersonate] End for SID:S-1-5-21-3565037766-4151068233-2738897902-1035 To Impersonate PID:0 Success:0
[22648:26336 ] [  INFO ] [23:48:48.608] c:\jenkins\workspace\Client\Client\Windows\clean\win-common\src\installer\NoMSIInstaller\PureClean\ImpersonationHelper.cpp(315)::[CWorker::ThreadProc] SID:S-1-5-21-3565037766-4151068233-2738897902-1035 Impersonate Success:0 Continue:0
[22648:27816 ] [  INFO ] [23:48:48.609] c:\jenkins\workspace\Client\Client\Windows\clean\win-common\src\installer\NoMSIInstaller\PureClean\ZoomPerUserCleaner.cpp(615)::[CPerUserCleaner::TryToCleanOneProfile] End to clean with impersonation for: S-1-5-21-3565037766-4151068233-2738897902-1035 Path:C:\User... Success:0
[22648:27816 ] [  INFO ] [23:48:48.609] c:\jenkins\workspace\Client\Client\Windows\clean\win-common\src\installer\NoMSIInstaller\PureClean\ZoomPerUserCleaner.cpp(607)::[CPerUserCleaner::TryToCleanOneProfile] Begin to clean with impersonation for: S-1-5-21-3565037766-4151068233-2738897902-1034 Path:C:\User...
[22648:27816 ] [  INFO ] [23:48:48.609] c:\jenkins\workspace\Client\Client\Windows\clean\win-common\src\installer\NoMSIInstaller\PureClean\ImpersonationHelper.cpp(181)::[CWorker::CreateWith] Valid:1 Session-ID:S-1-5-21-3565037766-4151068233-2738897902-1034
[22648:19044 ] [  INFO ] [23:48:48.612] c:\jenkins\workspace\Client\Client\Windows\clean\win-common\src\installer\NoMSIInstaller\PureClean\ImpersonationHelper.cpp(245)::[CWorker::BeginImpersonate] For SID:S-1-5-21-3565037766-4151068233-2738897902-1034 To Impersonate PID:0 Total process count:244
[22648:19044 ] [  INFO ] [23:48:48.612] c:\jenkins\workspace\Client\Client\Windows\clean\win-common\src\installer\NoMSIInstaller\PureClean\ImpersonationHelper.cpp(262)::[CWorker::BeginImpersonate] End for SID:S-1-5-21-3565037766-4151068233-2738897902-1034 To Impersonate PID:0 Success:0
[22648:19044 ] [  INFO ] [23:48:48.612] c:\jenkins\workspace\Client\Client\Windows\clean\win-common\src\installer\NoMSIInstaller\PureClean\ImpersonationHelper.cpp(315)::[CWorker::ThreadProc] SID:S-1-5-21-3565037766-4151068233-2738897902-1034 Impersonate Success:0 Continue:0
[22648:27816 ] [  INFO ] [23:48:48.614] c:\jenkins\workspace\Client\Client\Windows\clean\win-common\src\installer\NoMSIInstaller\PureClean\ZoomPerUserCleaner.cpp(615)::[CPerUserCleaner::TryToCleanOneProfile] End to clean with impersonation for: S-1-5-21-3565037766-4151068233-2738897902-1034 Path:C:\User... Success:0
[22648:27816 ] [  INFO ] [23:48:48.614] c:\jenkins\workspace\Client\Client\Windows\clean\win-common\src\installer\NoMSIInstaller\PureClean\ZoomPerUserCleaner.cpp(607)::[CPerUserCleaner::TryToCleanOneProfile] Begin to clean with impersonation for: S-1-5-21-3565037766-4151068233-2738897902-1032 Path:C:\User...
[22648:27816 ] [  INFO ] [23:48:48.614] c:\jenkins\workspace\Client\Client\Windows\clean\win-common\src\installer\NoMSIInstaller\PureClean\ImpersonationHelper.cpp(181)::[CWorker::CreateWith] Valid:1 Session-ID:S-1-5-21-3565037766-4151068233-2738897902-1032
[22648:19096 ] [  INFO ] [23:48:48.618] c:\jenkins\workspace\Client\Client\Windows\clean\win-common\src\installer\NoMSIInstaller\PureClean\ImpersonationHelper.cpp(245)::[CWorker::BeginImpersonate] For SID:S-1-5-21-3565037766-4151068233-2738897902-1032 To Impersonate PID:0 Total process count:244
[22648:19096 ] [  INFO ] [23:48:48.618] c:\jenkins\workspace\Client\Client\Windows\clean\win-common\src\installer\NoMSIInstaller\PureClean\ImpersonationHelper.cpp(262)::[CWorker::BeginImpersonate] End for SID:S-1-5-21-3565037766-4151068233-2738897902-1032 To Impersonate PID:0 Success:0
[22648:19096 ] [  INFO ] [23:48:48.618] c:\jenkins\workspace\Client\Client\Windows\clean\win-common\src\installer\NoMSIInstaller\PureClean\ImpersonationHelper.cpp(315)::[CWorker::ThreadProc] SID:S-1-5-21-3565037766-4151068233-2738897902-1032 Impersonate Success:0 Continue:0
[22648:27816 ] [  INFO ] [23:48:48.618] c:\jenkins\workspace\Client\Client\Windows\clean\win-common\src\installer\NoMSIInstaller\PureClean\ZoomPerUserCleaner.cpp(615)::[CPerUserCleaner::TryToCleanOneProfile] End to clean with impersonation for: S-1-5-21-3565037766-4151068233-2738897902-1032 Path:C:\User... Success:0
[22648:27816 ] [  INFO ] [23:48:48.619] c:\jenkins\workspace\Client\Client\Windows\clean\win-common\src\installer\NoMSIInstaller\PureClean\ZoomPerUserCleaner.cpp(607)::[CPerUserCleaner::TryToCleanOneProfile] Begin to clean with impersonation for: S-1-5-21-3565037766-4151068233-2738897902-1031 Path:C:\User...
[22648:27816 ] [  INFO ] [23:48:48.619] c:\jenkins\workspace\Client\Client\Windows\clean\win-common\src\installer\NoMSIInstaller\PureClean\ImpersonationHelper.cpp(181)::[CWorker::CreateWith] Valid:1 Session-ID:S-1-5-21-3565037766-4151068233-2738897902-1031
[22648:13488 ] [  INFO ] [23:48:48.623] c:\jenkins\workspace\Client\Client\Windows\clean\win-common\src\installer\NoMSIInstaller\PureClean\ImpersonationHelper.cpp(245)::[CWorker::BeginImpersonate] For SID:S-1-5-21-3565037766-4151068233-2738897902-1031 To Impersonate PID:0 Total process count:244
[22648:13488 ] [  INFO ] [23:48:48.623] c:\jenkins\workspace\Client\Client\Windows\clean\win-common\src\installer\NoMSIInstaller\PureClean\ImpersonationHelper.cpp(262)::[CWorker::BeginImpersonate] End for SID:S-1-5-21-3565037766-4151068233-2738897902-1031 To Impersonate PID:0 Success:0
[22648:13488 ] [  INFO ] [23:48:48.623] c:\jenkins\workspace\Client\Client\Windows\clean\win-common\src\installer\NoMSIInstaller\PureClean\ImpersonationHelper.cpp(315)::[CWorker::ThreadProc] SID:S-1-5-21-3565037766-4151068233-2738897902-1031 Impersonate Success:0 Continue:0
[22648:27816 ] [  INFO ] [23:48:48.623] c:\jenkins\workspace\Client\Client\Windows\clean\win-common\src\installer\NoMSIInstaller\PureClean\ZoomPerUserCleaner.cpp(615)::[CPerUserCleaner::TryToCleanOneProfile] End to clean with impersonation for: S-1-5-21-3565037766-4151068233-2738897902-1031 Path:C:\User... Success:0
[22648:27816 ] [  INFO ] [23:48:48.623] c:\jenkins\workspace\Client\Client\Windows\clean\win-common\src\installer\NoMSIInstaller\PureClean\ZoomPerUserCleaner.cpp(607)::[CPerUserCleaner::TryToCleanOneProfile] Begin to clean with impersonation for: S-1-5-21-3565037766-4151068233-2738897902-1029 Path:C:\User...
[22648:27816 ] [  INFO ] [23:48:48.623] c:\jenkins\workspace\Client\Client\Windows\clean\win-common\src\installer\NoMSIInstaller\PureClean\ImpersonationHelper.cpp(181)::[CWorker::CreateWith] Valid:1 Session-ID:S-1-5-21-3565037766-4151068233-2738897902-1029
[22648:28820 ] [  INFO ] [23:48:48.627] c:\jenkins\workspace\Client\Client\Windows\clean\win-common\src\installer\NoMSIInstaller\PureClean\ImpersonationHelper.cpp(245)::[CWorker::BeginImpersonate] For SID:S-1-5-21-3565037766-4151068233-2738897902-1029 To Impersonate PID:0 Total process count:244
[22648:28820 ] [  INFO ] [23:48:48.627] c:\jenkins\workspace\Client\Client\Windows\clean\win-common\src\installer\NoMSIInstaller\PureClean\ImpersonationHelper.cpp(262)::[CWorker::BeginImpersonate] End for SID:S-1-5-21-3565037766-4151068233-2738897902-1029 To Impersonate PID:0 Success:0
[22648:28820 ] [  INFO ] [23:48:48.627] c:\jenkins\workspace\Client\Client\Windows\clean\win-common\src\installer\NoMSIInstaller\PureClean\ImpersonationHelper.cpp(315)::[CWorker::ThreadProc] SID:S-1-5-21-3565037766-4151068233-2738897902-1029 Impersonate Success:0 Continue:0
[22648:27816 ] [  INFO ] [23:48:48.627] c:\jenkins\workspace\Client\Client\Windows\clean\win-common\src\installer\NoMSIInstaller\PureClean\ZoomPerUserCleaner.cpp(615)::[CPerUserCleaner::TryToCleanOneProfile] End to clean with impersonation for: S-1-5-21-3565037766-4151068233-2738897902-1029 Path:C:\User... Success:0
[22648:27816 ] [  INFO ] [23:48:48.629] c:\jenkins\workspace\Client\Client\Windows\clean\win-common\src\installer\NoMSIInstaller\PureClean\ZoomPerUserCleaner.cpp(607)::[CPerUserCleaner::TryToCleanOneProfile] Begin to clean with impersonation for: S-1-5-21-3565037766-4151068233-2738897902-1026 Path:C:\User...
[22648:27816 ] [  INFO ] [23:48:48.629] c:\jenkins\workspace\Client\Client\Windows\clean\win-common\src\installer\NoMSIInstaller\PureClean\ImpersonationHelper.cpp(181)::[CWorker::CreateWith] Valid:1 Session-ID:S-1-5-21-3565037766-4151068233-2738897902-1026
[22648:2028 ] [  INFO ] [23:48:48.633] c:\jenkins\workspace\Client\Client\Windows\clean\win-common\src\installer\NoMSIInstaller\PureClean\ImpersonationHelper.cpp(245)::[CWorker::BeginImpersonate] For SID:S-1-5-21-3565037766-4151068233-2738897902-1026 To Impersonate PID:0 Total process count:244
[22648:2028 ] [  INFO ] [23:48:48.633] c:\jenkins\workspace\Client\Client\Windows\clean\win-common\src\installer\NoMSIInstaller\PureClean\ImpersonationHelper.cpp(262)::[CWorker::BeginImpersonate] End for SID:S-1-5-21-3565037766-4151068233-2738897902-1026 To Impersonate PID:0 Success:0
[22648:2028 ] [  INFO ] [23:48:48.633] c:\jenkins\workspace\Client\Client\Windows\clean\win-common\src\installer\NoMSIInstaller\PureClean\ImpersonationHelper.cpp(315)::[CWorker::ThreadProc] SID:S-1-5-21-3565037766-4151068233-2738897902-1026 Impersonate Success:0 Continue:0
[22648:27816 ] [  INFO ] [23:48:48.633] c:\jenkins\workspace\Client\Client\Windows\clean\win-common\src\installer\NoMSIInstaller\PureClean\ZoomPerUserCleaner.cpp(615)::[CPerUserCleaner::TryToCleanOneProfile] End to clean with impersonation for: S-1-5-21-3565037766-4151068233-2738897902-1026 Path:C:\User... Success:0
[22648:27816 ] [  INFO ] [23:48:48.633] c:\jenkins\workspace\Client\Client\Windows\clean\win-common\src\installer\NoMSIInstaller\PureClean\ZoomPerUserCleaner.cpp(607)::[CPerUserCleaner::TryToCleanOneProfile] Begin to clean with impersonation for: S-1-5-21-3565037766-4151068233-2738897902-1024 Path:C:\User...
[22648:27816 ] [  INFO ] [23:48:48.633] c:\jenkins\workspace\Client\Client\Windows\clean\win-common\src\installer\NoMSIInstaller\PureClean\ImpersonationHelper.cpp(181)::[CWorker::CreateWith] Valid:1 Session-ID:S-1-5-21-3565037766-4151068233-2738897902-1024
[22648:2560 ] [  INFO ] [23:48:48.637] c:\jenkins\workspace\Client\Client\Windows\clean\win-common\src\installer\NoMSIInstaller\PureClean\ImpersonationHelper.cpp(245)::[CWorker::BeginImpersonate] For SID:S-1-5-21-3565037766-4151068233-2738897902-1024 To Impersonate PID:0 Total process count:244
[22648:2560 ] [  INFO ] [23:48:48.637] c:\jenkins\workspace\Client\Client\Windows\clean\win-common\src\installer\NoMSIInstaller\PureClean\ImpersonationHelper.cpp(262)::[CWorker::BeginImpersonate] End for SID:S-1-5-21-3565037766-4151068233-2738897902-1024 To Impersonate PID:0 Success:0
[22648:2560 ] [  INFO ] [23:48:48.637] c:\jenkins\workspace\Client\Client\Windows\clean\win-common\src\installer\NoMSIInstaller\PureClean\ImpersonationHelper.cpp(315)::[CWorker::ThreadProc] SID:S-1-5-21-3565037766-4151068233-2738897902-1024 Impersonate Success:0 Continue:0
[22648:27816 ] [  INFO ] [23:48:48.637] c:\jenkins\workspace\Client\Client\Windows\clean\win-common\src\installer\NoMSIInstaller\PureClean\ZoomPerUserCleaner.cpp(615)::[CPerUserCleaner::TryToCleanOneProfile] End to clean with impersonation for: S-1-5-21-3565037766-4151068233-2738897902-1024 Path:C:\User... Success:0
[22648:27816 ] [  INFO ] [23:48:48.638] c:\jenkins\workspace\Client\Client\Windows\clean\win-common\src\installer\NoMSIInstaller\PureClean\ZoomPerUserCleaner.cpp(607)::[CPerUserCleaner::TryToCleanOneProfile] Begin to clean with impersonation for: S-1-5-21-3565037766-4151068233-2738897902-1022 Path:C:\User...
[22648:27816 ] [  INFO ] [23:48:48.638] c:\jenkins\workspace\Client\Client\Windows\clean\win-common\src\installer\NoMSIInstaller\PureClean\ImpersonationHelper.cpp(181)::[CWorker::CreateWith] Valid:1 Session-ID:S-1-5-21-3565037766-4151068233-2738897902-1022
[22648:131536 ] [  INFO ] [23:48:48.642] c:\jenkins\workspace\Client\Client\Windows\clean\win-common\src\installer\NoMSIInstaller\PureClean\ImpersonationHelper.cpp(245)::[CWorker::BeginImpersonate] For SID:S-1-5-21-3565037766-4151068233-2738897902-1022 To Impersonate PID:0 Total process count:244
[22648:131536 ] [  INFO ] [23:48:48.642] c:\jenkins\workspace\Client\Client\Windows\clean\win-common\src\installer\NoMSIInstaller\PureClean\ImpersonationHelper.cpp(262)::[CWorker::BeginImpersonate] End for SID:S-1-5-21-3565037766-4151068233-2738897902-1022 To Impersonate PID:0 Success:0
[22648:131536 ] [  INFO ] [23:48:48.642] c:\jenkins\workspace\Client\Client\Windows\clean\win-common\src\installer\NoMSIInstaller\PureClean\ImpersonationHelper.cpp(315)::[CWorker::ThreadProc] SID:S-1-5-21-3565037766-4151068233-2738897902-1022 Impersonate Success:0 Continue:0
[22648:27816 ] [  INFO ] [23:48:48.642] c:\jenkins\workspace\Client\Client\Windows\clean\win-common\src\installer\NoMSIInstaller\PureClean\ZoomPerUserCleaner.cpp(615)::[CPerUserCleaner::TryToCleanOneProfile] End to clean with impersonation for: S-1-5-21-3565037766-4151068233-2738897902-1022 Path:C:\User... Success:0
[22648:27816 ] [  INFO ] [23:48:48.642] c:\jenkins\workspace\Client\Client\Windows\clean\win-common\src\installer\NoMSIInstaller\PureClean\ZoomPerUserCleaner.cpp(607)::[CPerUserCleaner::TryToCleanOneProfile] Begin to clean with impersonation for: S-1-5-21-3565037766-4151068233-2738897902-1021 Path:C:\User...
[22648:27816 ] [  INFO ] [23:48:48.642] c:\jenkins\workspace\Client\Client\Windows\clean\win-common\src\installer\NoMSIInstaller\PureClean\ImpersonationHelper.cpp(181)::[CWorker::CreateWith] Valid:1 Session-ID:S-1-5-21-3565037766-4151068233-2738897902-1021
[22648:21448 ] [  INFO ] [23:48:48.647] c:\jenkins\workspace\Client\Client\Windows\clean\win-common\src\installer\NoMSIInstaller\PureClean\ImpersonationHelper.cpp(245)::[CWorker::BeginImpersonate] For SID:S-1-5-21-3565037766-4151068233-2738897902-1021 To Impersonate PID:0 Total process count:244
[22648:21448 ] [  INFO ] [23:48:48.647] c:\jenkins\workspace\Client\Client\Windows\clean\win-common\src\installer\NoMSIInstaller\PureClean\ImpersonationHelper.cpp(262)::[CWorker::BeginImpersonate] End for SID:S-1-5-21-3565037766-4151068233-2738897902-1021 To Impersonate PID:0 Success:0
[22648:21448 ] [  INFO ] [23:48:48.647] c:\jenkins\workspace\Client\Client\Windows\clean\win-common\src\installer\NoMSIInstaller\PureClean\ImpersonationHelper.cpp(315)::[CWorker::ThreadProc] SID:S-1-5-21-3565037766-4151068233-2738897902-1021 Impersonate Success:0 Continue:0
[22648:27816 ] [  INFO ] [23:48:48.647] c:\jenkins\workspace\Client\Client\Windows\clean\win-common\src\installer\NoMSIInstaller\PureClean\ZoomPerUserCleaner.cpp(615)::[CPerUserCleaner::TryToCleanOneProfile] End to clean with impersonation for: S-1-5-21-3565037766-4151068233-2738897902-1021 Path:C:\User... Success:0
[22648:27816 ] [  INFO ] [23:48:48.647] c:\jenkins\workspace\Client\Client\Windows\clean\win-common\src\installer\NoMSIInstaller\PureClean\ZoomPerUserCleaner.cpp(607)::[CPerUserCleaner::TryToCleanOneProfile] Begin to clean with impersonation for: S-1-5-21-3565037766-4151068233-2738897902-1016 Path:C:\User...
[22648:27816 ] [  INFO ] [23:48:48.647] c:\jenkins\workspace\Client\Client\Windows\clean\win-common\src\installer\NoMSIInstaller\PureClean\ImpersonationHelper.cpp(181)::[CWorker::CreateWith] Valid:1 Session-ID:S-1-5-21-3565037766-4151068233-2738897902-1016
[22648:24736 ] [  INFO ] [23:48:48.652] c:\jenkins\workspace\Client\Client\Windows\clean\win-common\src\installer\NoMSIInstaller\PureClean\ImpersonationHelper.cpp(245)::[CWorker::BeginImpersonate] For SID:S-1-5-21-3565037766-4151068233-2738897902-1016 To Impersonate PID:0 Total process count:244
[22648:24736 ] [  INFO ] [23:48:48.652] c:\jenkins\workspace\Client\Client\Windows\clean\win-common\src\installer\NoMSIInstaller\PureClean\ImpersonationHelper.cpp(262)::[CWorker::BeginImpersonate] End for SID:S-1-5-21-3565037766-4151068233-2738897902-1016 To Impersonate PID:0 Success:0
[22648:24736 ] [  INFO ] [23:48:48.652] c:\jenkins\workspace\Client\Client\Windows\clean\win-common\src\installer\NoMSIInstaller\PureClean\ImpersonationHelper.cpp(315)::[CWorker::ThreadProc] SID:S-1-5-21-3565037766-4151068233-2738897902-1016 Impersonate Success:0 Continue:0
[22648:27816 ] [  INFO ] [23:48:48.652] c:\jenkins\workspace\Client\Client\Windows\clean\win-common\src\installer\NoMSIInstaller\PureClean\ZoomPerUserCleaner.cpp(615)::[CPerUserCleaner::TryToCleanOneProfile] End to clean with impersonation for: S-1-5-21-3565037766-4151068233-2738897902-1016 Path:C:\User... Success:0
[22648:27816 ] [  INFO ] [23:48:48.652] c:\jenkins\workspace\Client\Client\Windows\clean\win-common\src\installer\NoMSIInstaller\PureClean\ZoomPerUserCleaner.cpp(607)::[CPerUserCleaner::TryToCleanOneProfile] Begin to clean with impersonation for: S-1-5-21-3565037766-4151068233-2738897902-1011 Path:C:\User...
[22648:27816 ] [  INFO ] [23:48:48.652] c:\jenkins\workspace\Client\Client\Windows\clean\win-common\src\installer\NoMSIInstaller\PureClean\ImpersonationHelper.cpp(181)::[CWorker::CreateWith] Valid:1 Session-ID:S-1-5-21-3565037766-4151068233-2738897902-1011
[22648:11224 ] [  INFO ] [23:48:48.657] c:\jenkins\workspace\Client\Client\Windows\clean\win-common\src\installer\NoMSIInstaller\PureClean\ImpersonationHelper.cpp(245)::[CWorker::BeginImpersonate] For SID:S-1-5-21-3565037766-4151068233-2738897902-1011 To Impersonate PID:0 Total process count:244
[22648:11224 ] [  INFO ] [23:48:48.657] c:\jenkins\workspace\Client\Client\Windows\clean\win-common\src\installer\NoMSIInstaller\PureClean\ImpersonationHelper.cpp(262)::[CWorker::BeginImpersonate] End for SID:S-1-5-21-3565037766-4151068233-2738897902-1011 To Impersonate PID:0 Success:0
[22648:11224 ] [  INFO ] [23:48:48.657] c:\jenkins\workspace\Client\Client\Windows\clean\win-common\src\installer\NoMSIInstaller\PureClean\ImpersonationHelper.cpp(315)::[CWorker::ThreadProc] SID:S-1-5-21-3565037766-4151068233-2738897902-1011 Impersonate Success:0 Continue:0
[22648:27816 ] [  INFO ] [23:48:48.657] c:\jenkins\workspace\Client\Client\Windows\clean\win-common\src\installer\NoMSIInstaller\PureClean\ZoomPerUserCleaner.cpp(615)::[CPerUserCleaner::TryToCleanOneProfile] End to clean with impersonation for: S-1-5-21-3565037766-4151068233-2738897902-1011 Path:C:\User... Success:0
[22648:27816 ] [  INFO ] [23:48:48.657] c:\jenkins\workspace\Client\Client\Windows\clean\win-common\src\installer\NoMSIInstaller\PureClean\ZoomPerUserCleaner.cpp(607)::[CPerUserCleaner::TryToCleanOneProfile] Begin to clean with impersonation for: S-1-5-21-3565037766-4151068233-2738897902-1010 Path:C:\User...
[22648:27816 ] [  INFO ] [23:48:48.657] c:\jenkins\workspace\Client\Client\Windows\clean\win-common\src\installer\NoMSIInstaller\PureClean\ImpersonationHelper.cpp(181)::[CWorker::CreateWith] Valid:1 Session-ID:S-1-5-21-3565037766-4151068233-2738897902-1010
[22648:5756 ] [  INFO ] [23:48:48.661] c:\jenkins\workspace\Client\Client\Windows\clean\win-common\src\installer\NoMSIInstaller\PureClean\ImpersonationHelper.cpp(245)::[CWorker::BeginImpersonate] For SID:S-1-5-21-3565037766-4151068233-2738897902-1010 To Impersonate PID:0 Total process count:244
[22648:5756 ] [  INFO ] [23:48:48.661] c:\jenkins\workspace\Client\Client\Windows\clean\win-common\src\installer\NoMSIInstaller\PureClean\ImpersonationHelper.cpp(262)::[CWorker::BeginImpersonate] End for SID:S-1-5-21-3565037766-4151068233-2738897902-1010 To Impersonate PID:0 Success:0
[22648:5756 ] [  INFO ] [23:48:48.661] c:\jenkins\workspace\Client\Client\Windows\clean\win-common\src\installer\NoMSIInstaller\PureClean\ImpersonationHelper.cpp(315)::[CWorker::ThreadProc] SID:S-1-5-21-3565037766-4151068233-2738897902-1010 Impersonate Success:0 Continue:0
[22648:27816 ] [  INFO ] [23:48:48.662] c:\jenkins\workspace\Client\Client\Windows\clean\win-common\src\installer\NoMSIInstaller\PureClean\ZoomPerUserCleaner.cpp(615)::[CPerUserCleaner::TryToCleanOneProfile] End to clean with impersonation for: S-1-5-21-3565037766-4151068233-2738897902-1010 Path:C:\User... Success:0
[22648:27816 ] [  INFO ] [23:48:48.662] c:\jenkins\workspace\Client\Client\Windows\clean\win-common\src\installer\NoMSIInstaller\PureClean\ZoomPerUserCleaner.cpp(607)::[CPerUserCleaner::TryToCleanOneProfile] Begin to clean with impersonation for: S-1-5-21-3565037766-4151068233-2738897902-1009 Path:C:\User...
[22648:27816 ] [  INFO ] [23:48:48.662] c:\jenkins\workspace\Client\Client\Windows\clean\win-common\src\installer\NoMSIInstaller\PureClean\ImpersonationHelper.cpp(181)::[CWorker::CreateWith] Valid:1 Session-ID:S-1-5-21-3565037766-4151068233-2738897902-1009
[22648:30096 ] [  INFO ] [23:48:48.666] c:\jenkins\workspace\Client\Client\Windows\clean\win-common\src\installer\NoMSIInstaller\PureClean\ImpersonationHelper.cpp(245)::[CWorker::BeginImpersonate] For SID:S-1-5-21-3565037766-4151068233-2738897902-1009 To Impersonate PID:0 Total process count:244
[22648:30096 ] [  INFO ] [23:48:48.666] c:\jenkins\workspace\Client\Client\Windows\clean\win-common\src\installer\NoMSIInstaller\PureClean\ImpersonationHelper.cpp(262)::[CWorker::BeginImpersonate] End for SID:S-1-5-21-3565037766-4151068233-2738897902-1009 To Impersonate PID:0 Success:0
[22648:30096 ] [  INFO ] [23:48:48.666] c:\jenkins\workspace\Client\Client\Windows\clean\win-common\src\installer\NoMSIInstaller\PureClean\ImpersonationHelper.cpp(315)::[CWorker::ThreadProc] SID:S-1-5-21-3565037766-4151068233-2738897902-1009 Impersonate Success:0 Continue:0
[22648:27816 ] [  INFO ] [23:48:48.667] c:\jenkins\workspace\Client\Client\Windows\clean\win-common\src\installer\NoMSIInstaller\PureClean\ZoomPerUserCleaner.cpp(615)::[CPerUserCleaner::TryToCleanOneProfile] End to clean with impersonation for: S-1-5-21-3565037766-4151068233-2738897902-1009 Path:C:\User... Success:0
[22648:27816 ] [  INFO ] [23:48:48.667] c:\jenkins\workspace\Client\Client\Windows\clean\win-common\src\installer\NoMSIInstaller\PureClean\ZoomPerUserCleaner.cpp(607)::[CPerUserCleaner::TryToCleanOneProfile] Begin to clean with impersonation for: S-1-5-21-3565037766-4151068233-2738897902-1003 Path:C:\User...
[22648:27816 ] [  INFO ] [23:48:48.667] c:\jenkins\workspace\Client\Client\Windows\clean\win-common\src\installer\NoMSIInstaller\PureClean\ImpersonationHelper.cpp(181)::[CWorker::CreateWith] Valid:1 Session-ID:S-1-5-21-3565037766-4151068233-2738897902-1003
[22648:39548 ] [  INFO ] [23:48:48.670] c:\jenkins\workspace\Client\Client\Windows\clean\win-common\src\installer\NoMSIInstaller\PureClean\ImpersonationHelper.cpp(245)::[CWorker::BeginImpersonate] For SID:S-1-5-21-3565037766-4151068233-2738897902-1003 To Impersonate PID:0 Total process count:244
[22648:39548 ] [  INFO ] [23:48:48.672] c:\jenkins\workspace\Client\Client\Windows\clean\win-common\src\installer\NoMSIInstaller\PureClean\ImpersonationHelper.cpp(262)::[CWorker::BeginImpersonate] End for SID:S-1-5-21-3565037766-4151068233-2738897902-1003 To Impersonate PID:0 Success:0
[22648:39548 ] [  INFO ] [23:48:48.672] c:\jenkins\workspace\Client\Client\Windows\clean\win-common\src\installer\NoMSIInstaller\PureClean\ImpersonationHelper.cpp(315)::[CWorker::ThreadProc] SID:S-1-5-21-3565037766-4151068233-2738897902-1003 Impersonate Success:0 Continue:0
[22648:27816 ] [  INFO ] [23:48:48.672] c:\jenkins\workspace\Client\Client\Windows\clean\win-common\src\installer\NoMSIInstaller\PureClean\ZoomPerUserCleaner.cpp(615)::[CPerUserCleaner::TryToCleanOneProfile] End to clean with impersonation for: S-1-5-21-3565037766-4151068233-2738897902-1003 Path:C:\User... Success:0
[22648:27816 ] [  INFO ] [23:48:48.672] c:\jenkins\workspace\Client\Client\Windows\clean\win-common\src\installer\ZoomCleaner\InstallerManager.cpp(270)::[CInstallerManager::UninstallEXE] Uninstall per user,  return:0
[22648:27816 ] [  INFO ] [23:48:48.697] c:\jenkins\workspace\Client\Client\Windows\clean\win-common\src\installer\ZoomCleaner\Installer.cpp(105)::[CleanZoom] stop, current time: [2026/1/15-23:48:48:697]
